,2022-02,2021-14,2021-26,2021-01,2020-45,2021-36,2022-05,2021-13,2020-50,2020-29,2021-38,2020-33,2021-50,2021-25,2021-04,2021-45,2021-33,2020-38,2021-10,2022-06,2020-53,2021-22,2021-28,2020-41,2021-07,2021-40,2020-25,2020-37,2022-03,2021-15,2021-21,2020-48,2020-46,2021-37,2021-43,2020-26,2021-39,2020-32,2021-09,2021-51,2021-24,2021-03,2021-44,2021-30,2021-11,2020-52,2020-31,2020-42,2021-06,2021-47,2021-18,2020-22,2020-36,2021-49,2021-16,2021-20,2020-49,2020-47,2021-34,2021-42,2020-27,2020-35,2021-08,2021-27,2021-52,2021-02,2020-44,2021-31,2022-04,2021-12,2020-51,2020-28,2020-30,2020-43,2021-05,2021-46,2021-19,2020-23,2021-32,2020-39,2022-01,2021-48,2021-17,2021-23,2021-29,2020-40,2021-35,2021-41,2020-24,2020-34
Allanfearn,119257,9093.66666666667,92686,69420,8493,552046.5,54960,1316.33333333333,1607.5,,188965.5,434,73765.5,23548.5,38834.5,58777.3333333333,77068.75,1113.75,37300.25,139249.5,,745.5,94041.3333333333,4006,40512.25,72200.6666666667,0,2845.25,52109.3333333333,2681.5,601.333333333333,10664,3858.66666666667,314049,156805.25,,97012.3333333333,435,10975,191008,8624.75,36351.25,45648,129899,16571,,,4605,58960,165955,16607,,3564.25,88745.75,8421,588.25,3328.75,7832.33333333333,290007.75,60537.25,0,353.5,32657.25,156193.25,,77327.75,30269.75,43437.5,111312,31165.5,3919.5,,,10806.75,36219.3333333333,78481,8482.75,0,43954.6666666667,4193.75,104625.5,169462,2919,2384,87872.5,1892.75,557842.333333333,96598.5,0,698
Allers,,3857,317623,164611,,1081826,,8910,,,138315,,249906,77538,70511,310774,,,2164,204570,,12959,172052,,60768,,,,,15269,4087,,,299940,41069,,77248,,15091,,14018,60401,57559,182675,3334,,,,12350,374575,7443,,,243833,,2386,,,,123163,,,46774,274111,449283,160353,,,,3694,,,,,44506,237807,10590,,,,NA,,12276,9470,108883,,960625,,,
Allers - St Leonards,,26229.8,,,,,,,,,,,,,,,,,,,,,,,,,,,,712.5,,,,,,,,,,,,,,,,,,,,,,,,,,,,,,,,,,,,,,,,,,,,,,,,,,,,,40169,,,,,,,
Alloa,92997,33859.5,81505,111031.666666667,,611193.5,110314.5,22800.3333333333,,,74989,,74396,69111,45315,115729,206421.5,,31512.6666666667,229783,,41124,208317,,18428,131851,,,57654,20070,21387,,,195319,188884,,281593,,17336.6666666667,NA,32946,14117,75495.5,,29208.3333333333,3325,,,57188,112677.5,20652.5,,,94273,,15459,,,340498.5,54429.5,,,30908.6666666667,75838.5,,134828.666666667,,84715.5,38998,28714.3333333333,28652,,,,55412.5,89206.5,29868.5,,67159.5,,215815,206461,10210,53874,80889,,447929,118228.333333333,,
Alness,,,,,,,NA,,,,,,14795.5,,,,,,,,,,,,,,,,73130,,,,,,,,,,,,,,,,,,,,,235220,,,,75796,,,,,,,,,,,,,,,,,,,,,,781687,,,,,,NA,,,,,,,,
Alva,,4475.5,76066,,,538901.5,752859,5334,,,73580,,120936,44692.5,,110270.5,,,23393.5,183432,,98068.5,43734,,71297.5,270461,,,153344.5,2498,5130.5,,,211164.5,253048.5,,195669,,14773,,41562.5,,95325,38202,5809,,,,,256382,877,,,42389,,4651.5,,,,187682.5,,,66241,72262.5,,,,,,6407.5,,,,,,263265.5,2560.5,,,,152478,,2475,57177,91167.5,,245351,,,
Annan,104050,0,61889,1193429,2180,897852,48858,NA,0,,58010,,42869,13711,24242,62031,104565,0,24598,52261,,11180,,0,957,53707,,0,213833,1548,0,375,4477,433865,37554,,79165,,0,43924,37858,17339,15514,,5785,,,1290,26815,275562,2981,0,0,2925,,2584,0,14298,517191,7675,,0,6882,305215,,332249,1779,43863,,716,,,,1007,5982,218826,569,,69592,580,32704,156724,1544,NA,100038,0,191323,88414.3333333333,,0
Ardoch,53734,3336,20484,,,NA,88205.5,4081,,,9838,,18601,11299.5,,39039,,,24719,99633,,1747.5,39349,,17081.5,88637,,,55467.5,2081.5,1847.5,,,NA,39413.5,,NA,,4363.5,,5290,,72062,53865,9233.5,,,,,46228,1052.5,,,47761,,246.5,,,,52734.5,,,3992,78482.5,45193,,,,46204.5,11908,,,,,,64286,346.5,,,,79569,65417,958,7418.5,23397,,17081,,,
Armadale,,11554.5,296756.5,33772,,1102894,398368,2932,,,,,,99278.5,236472,139049.5,,,30150.5,421605,,19098,,,182270,51717,,,,1735.5,68283,,,564655.5,238216.5,,176779,,13485,,67787,20584,108458,458937,18416.5,60284,,,112475,222895.5,14490.5,,,283472,,1225,,,,90526.5,,,37139.5,265018,,37537,,,77723,14500.5,12986,,,,54461,188087,12185.5,,,,1697777,119673,5137,10945,222823,,756657,,,
Aviemore,NA,,,,,162181.5,39662,,,,,,493475,26286,,315450,72017,,,143058,,,893406,,,77299,,,14245,,,,,NA,347819,,NA,,,,10969,,NA,156855.5,,,,,,161916,,,,253544,,,,,144177,181516.5,,,,545645.5,,,,229339.5,31349,,,,,,,316250,,,,,,403815,,769,307115.5,,246207.5,444696,,
Banchory,,,11440,,,616747.5,239706,,,,,,118184,1022.5,,381608,15506,,,,,491,26586,,,121617,,,74842,438,0,,,87542,,,191309,,,NA,7755.5,,44657,13473,,,,,,87131,1755.5,,,29963.5,,496.5,,,247314,99733.5,,,,26714,,,,11086.5,,,,,,,,92211,0,,28148,,155533,63127,1380.5,1450,67907,,139844,,,
Banff,,,58885.5,,,862369,123349,,,,445335,,90976,3083.66666666667,,58962.3333333333,,,,55136,,3378,77679,,,392882,,,141015,465,300.333333333333,,,271561,322335,,,,,190860,232.666666666667,,NA,66583,,,,,,105241,1005.66666666667,,,10955,0,628.333333333333,,,375741,69370,,,,71200.3333333333,,,,21459,NA,,,,,,,114351.5,377.666666666667,,,,116272,62604.5,597.333333333333,3509.66666666667,105722,,1084797.66666667,160309,,
Bathgate,26622,NA,460664,12293,,205206,139059.5,38065,,,,,91251.5,109897.5,61048,161624,161264,,7367,80217,,16904,93447,,43472,168380,,,88486,2367.5,5542,,,233655,41717,,89090,,44143,282818,599,0,60491.5,53191.5,13700.5,,,,61679.5,191942,4640,,,41578,,6906,,,,91198,,,39242,166324,,13479,,,47297,7804.5,38394,,,,72119,120845,18425,,,,42000,NA,4059.5,5091,314239,,198609.5,,,
Biggar,,,,24495,,,,NA,,,,,,,20087,,,,64461,,,,,,760,,,,,,,,,,,,,,1513,,,0,,,700,,,,1277,,,,,,,,,,,,,,641,,,0,,,,930,,,,,20530,,,,,,,,0,,,,,,,
Blackburn,,18002,155819,40228.6666666667,,351256.333333333,93510,16114,,,94060.5,,88529,36486.5,2450,92594,,,10017.5,57506,,41432.5,174816.5,,56749,38787,,,111935.5,9532,17192,,,,344623,,4363,,13662.5,236362,38499.5,14462,75945,108830,12538.5,,,,43062,53918,7697,,,128640.5,35621,16288,,,,37980,,,49144,219151.5,,21683,,,187180,26624.5,4447,,,,22147,94541,2376.5,,42617,,71588,115515,27195.5,60334,98734,,734880.5,135724.5,,
Blackridge,34327.5,125867,70590,2365,,439697,139909.5,24313,,,,,123721,37410.5,43456,1749,,,612.5,68581,,16923,5007354,,71844,,,,9495,405827,28015,,,1165431,47967,,NA,,9671,NA,23050.5,6648,21668.5,282768,3156,999,,,52270,87429,12477.5,,,89667,,24890.5,,,,37892,,,112067.5,1200259,,3979,,,25290,7548.5,2065,,,,97715,73294,33396.5,,,,14070,87358,9319.5,17948.5,103366,,154556.5,,,
Blackwood,,0,17746,120248,,NA,,6116,,,,,227841,18537,25518,64848,232701,,633,219183,,36023,1222774,,55129,30680,,,,,17432,,,93197,,,,,4736,,38819,,22253,269243,1988,,,,9784,,NA,,,13138,,NA,,,,49997,,,93444,710422,,406621,,,,8858,,,,,98253,51225,0,,,,40460,,591,59357,644470,,557769,,,
Blairgowrie,,16660,26308,,,,,30109,,,277884,,41212,17855,,117032,111647,,,,,13043,275281,,3130,31463,,,227332,,NA,,,149057,452409,,,,2614,NA,19224,,181488,121448,127712,,,,,613077,0,,,31615,,2470,,,102601,1130147,,,8067,85490,,,,81673,,82158,,,,,,,5717,,57652,,106647,,1133,4231,38453,,155956,,,
Boness,67022,9930,96230.5,,,622443.5,54322,3458,,,29819,,169957,37804.5,,31171,,,2841.5,100631,,5957.5,336147,,33645,20156,,,51399,4693,1409.5,,,42662,266724,,35057,,2680.5,,155,,30857.5,70719,16764,,,,,60194.5,359.5,,,145200.5,,1983.5,,,,29443,,,98199.5,91907,,,,90181,,8157.5,,,,,,54865.5,1874,,,,215601,,734.5,4450,63317.5,,323229,,,
Bonnybridge,111253,8842,177681,,,483756,165262,41311,,,,,144762,24122.5,,70376,,,12095,,,26921,46302,,64587,191680.5,,,80559,3347,26916,,,287630,89144.5,,293844,,71198,,8529,,48195,76161,18135,,,,,439752.5,3434,,,108920,,4014,,,183711,96999.5,,,46934.5,193309.5,,,,119024,51952,32442,,,,,,64271,15895,,,,,378204,1518.5,13068.5,113820,,171421,,,
Bothwellbank,,8169,25530,50564,,1298700,,7377,,,311387,,259310,14392,52351,94872,,,10933,112338,,11258,479350,,46224,129797,,,,8236,7115,,,658297,161250,,,,24338,750128,17020,31869,70341,196492,15112,,,,20710,101074,4731,,,44827,,3117,,,,119477,,,25492,158116,,67947,,,,8447,,,,,2885,68928,,,,,380537,,2303,10441,66028,,904681,,,
Bowhouse,110903,0,31723,,,409775,,680.5,,,54751,,106796,59703.5,32051,153457,,,3903,144843,,1235.5,73177,,882.5,190533,,,53063,NA,432,,,314952,190429,,133036,,2724,,19738,,177652.5,,824.5,,,,10247.5,76947,0,,,39471.5,,550.5,,,219176,96822,,,532,20424.5,,,,,81463,605.5,,,,,10342,74342,NA,,,,134210,91000,169,5463,,,468727.5,,,
Buckie,NA,,64359,,,99632,,,,,,,28464,37956.5,,94492.5,,,,224849,,,155606.5,,,86226,,,NA,,,,,87214,487915.5,,,,,,NA,,123642,50516.5,,,,,,124322,,,,38556,,,,,77262,NA,,,,204135,,,,,NA,,,,,,,NA,,,,,50414,NA,,8102,83979.5,,25202,312356,,
Carbarns,228658,28661.5,174552,98845,80014.6666666667,3353197,237220,38366,88571.75,,326293,0,321003.666666667,44494,101195,160341.666666667,89445,16886.25,39913.5,218277,NA,12397,336637,82566.6666666667,23692,250183.5,0,2629.5,190412.666666667,49908.5,5025,37498.3333333333,98262.25,735955.5,260723,,389370,0,21873,723058,23752,34941,164172,267198.5,46324,,,66630.5,72778,182047,6407,0,9226.33333333333,110398.333333333,,6237,62840,52230.3333333333,387008.5,175804,,5175.75,48323,149112,776790,106825,127370,409996.5,178952,32631.5,57628,,,98427.6666666667,168393,129182.5,5766,,199829,63994.5,155126,210989,12130,27286.5,265335.5,53459.75,646916.5,163135,,0
Coldstream,,0,151097.5,,,269381,17720,0,,,,,547424,2535.5,,133659,NA,,3459,22183,,799,48909,,5684.5,28456,,,18310,0,482.5,,,76026,37660.5,,51784,,53298,,2471.5,,4999,93771.5,897.5,,,,23085.5,96537,0,,,8435,,0,,,150142,41118,,,38093,39721.5,,,,165615,,576.5,,,,,,407491,730,,160692,,,,363.5,0,83823.5,,639348.5,,,
Cumnock,,7508,145126,,,143341,64678,9513,,,,,30909,22342,,,,,12468,,,43794,107927,,85619,,,,,2989,1377,,,446588,200253,,94953,,42624,,17045,,781473,161820,13535,,,,,,842,,,117505,,0,,,,71331,,,75691,440415,,,,,66512,30013,,,,,,199297,1580,,,,226703,42678,902,24304,75879,,254938,,,
Cumnock - Netherwood,,0,,,,,,0,,,,,,,,,,,,,,,,,,,,,,,,,,,,,,,,,,,,,5405.2,,,,,,,,,,,,,,,,,,,,,,,,,15364,,,,,,,,,,,,,,,,,,,,
Cupar,,1089,118531,,,285446,NA,1212,,,31081,,103515.5,59234,1645,92662,229309,,7834,164181.5,,1915,57767.5,,313,66647,,,97391,3962,0,,,130009,103674.5,,95338,,8011,,14174.5,,65976.5,34196,31219,,,,827.5,125869,0,,,32120,,164.5,,,,66524.5,,,10437.5,NA,287829,,,,47978,1132.5,,,,,5851.5,148157,3562,,82022,,210151,131622,0,562.5,12456,,120793,NA,,
Dalbeattie,NA,0,2340,944,,NA,100502,540,0,,33876,,82204,,NA,128074,773950,0,1365,115261,,0,9748,7650,NA,75700,,,342847,0,0,0,4541,73584,50837,,150482,,40128,444036,5281,NA,NA,,2931,,,12905,2918,146533,NA,,,NA,,0,582,,657226,137231,,0,3081,6697,,1535,610,48651,,45707,0,,,2498,NA,39954,0,,32342,2270,NA,72653,0,0,63969,20441,315605,151822,,0
Daldowie,138935.5,9870,39220,189362,,,147411,15443,,,157944,,,41747,,19655.5,94982,,30529,159509.5,,10724,,,64724,49419,,,78098,39118,19115,,,397203,58342,,170721,,68140,,50757,46938,37301,163726,26113,,,,46759,,10344,,,,,14780,,,162266,70849,,,24883,248915,,541165,,215042,103972.5,30486,,,,,50893,,4384,,66182,,255290.333333333,,7386,10230,290884,,196525,83430.6666666667,,
Dalmarnock,128622.75,8788,212515.5,,,784106.5,23392.5,NA,,,290834,,,82536.5,21582,,303438.5,,22874,12533,,,329167,,94128,148774.5,,,24418,23115,,,,238238,126806,,167396.5,,72450,,42970.5,,,222315,45941,,,,NA,,7421,,,,,,,,264205,65916.5,,,52411,216418,,NA,,,NA,27003,,,,,NA,,34154,,46509,,,,14420,56732,174583,,824444,87845,,
Dalmuir,123831.75,22331.5,,93163.5,16141,1449988.5,63479.6666666667,13684,35463,,262890,,201722,116101.5,77830,137713.333333333,292142.5,1863,22562,79738.6666666667,77744,58757,261204,73533,31496.3333333333,150133,,14977,137144.75,22321,23371,37630,53355,191488,99416.5,,181661,,18261,551863,28595.5,41061.3333333333,70115,99703.5,30710.6666666667,,,39797,70175.3333333333,197367,5454.5,569,9130,133572.333333333,,16667,50580,37429,227325.5,60934.5,0,10913,36602,215875.5,282404.5,134663.333333333,3418,107500,126428.5,24489,16017,,,73624,59552.5,186996.5,34630.5,,55818,24505,187109,184871.333333333,8447,57962,135855,59329,657170,142661.5,0,1738
Dalmuir - Auchinairn (6298),367425,1333.25,239608,,,55533,,,,,88916,,114947,19929,,123146,266375,,,,,24781,230662,,,,,,,2251,,,,108898,115764.5,,,,,,973,,150432.5,33677.5,,,,,,20280,194,,,78173,524,,,,265238.5,143309,,,,115721,,,,62512.5,,,,,,,,68776.5,852,,6384.5,,360521,,340,39685.5,16316,,483323,,,
Dalmuir - Auchinairn (6330),,5548.5,93348,,,153206,,,,,NA,,122806,37054.5,,116811,439936.5,,,,,11109,154929,,,164342,,,,7777.5,,,,863129,156283,,,,,,46764,,28753.5,57530,,,,,,75360,2170.5,,,5452,6142,,,,347715,NA,,,,107116,,,,16319.5,,,,,,,,35971.5,1809,,15467,,72120.5,,866.5,38931,77708.5,,334452,,,
Dalmuir - Clydebank,,4376.75,310324.5,,,,,,,,,,,84473,,,,,,,,76376,62144,,,,,,,15868,,,,,,,,,,,4938.5,,,,,,,,,,148.5,,,,,,,,,,,,,101221,,,,,,,,,,,,,0,,17392,,,,2481.5,6310.5,70729.5,,,,,
Dalmuir - Minerva St,,,,,,,,,,,,,,,,1075739,,,,,,,,,,,,,,,,,,,,,,,,,,,371033,,,,,,,,,,,,,,,,,,,,,,,,,,,,,,,,,,,,,,,,,,,,,,,
Dalmuir - SECC,,,,,,,,,,,,,,,,655933.75,,,,,,,,,,5108,,,,,,,,,374955.5,,,,,,,,81557.5,,,,,,,8228,,,,,,,,,,71885.8,,,,,,,,,,,,,,,,325453.5,,,,,,,,,,,,17793.2,,
Dalscone,,NA,,NA,,,,NA,0,,,0,,,NA,,,579,1644,,,,,11443,NA,,,585,,NA,,6803,,,,,,,1225,,,NA,,,2642,,,5811,NA,,,,,,,,3442,27598,,,,0,NA,,,47144,2801,,,8964,2592,,,,NA,,,,,1021,,,0,,,13612,,,,0
Denny,,183158,55968,,,2981.5,13298,68076.5,,,134990,,128729,20181.5,,27698.5,,,15025,28237,,2157.5,82213,,34330,191010.5,,,27836,27942.5,6579.5,,,27235,22239.5,,64817,,28957,,35974.5,,38438,58686,58644.5,,,,,144528.5,4944,,,164660,,30401.5,,,66581,46953,,,21059,120132,,,,NA,,61260.5,,,,,,158599,5261,,,,124906,110523,14263.5,1581,77096,,5996.5,113493,,
Dunbar,336547,2341,126039,,,,,897,,,,,130688,48780,,245758,,,27549,77798,,NA,457146,,2385,62963,,,93618,0,6695,,,146913,,,61762,,49375,,9722,,86412,37336,6696,,,,,254931,0,,,211835,,0,,,162048,15344,,,18186,331132,,,,,57978,1657,,,,,,NA,0,,,,,,0,39307,113747,,351300,29289,,
Dunblane,69789,3191,252254,,,173898,25340,414.5,,,150112.5,,136810,103307,,50770,158322,,,97138,,7144,72818,,,185607,,,,1483,53386,,,194134.5,222602,,160135,,,,15835007,,56715.5,94404,,,,,,309187.5,3114.5,,,25193,,2091,,,59956,162767,,,,185464.5,,,,49484,,,,,,,,229834.5,1528.5,,,,233715.5,,5433,27148.5,50609,,162798,,,
Dunfermline,244247.333333333,18135.5,289435,98810,28348,1941023,216823,10485.5,24544,,180816.5,66048,291055.666666667,88483.5,3645,207970.666666667,187851,5726,19712,270376,,4198.5,446915,12208,28133,95965,,727,180111.333333333,,6486.5,,53158,470897,112443.5,,97086,623,35191,452435,25072.5,18759,112787,155100,15563,,0,25707,13021,152218,2528.5,0,241,236571.5,,5522.5,62342,12680,383694,109084.5,,1155.5,21250,213323,316912,64637,9640,164294.5,178674,15698,44877,,,15082,18697,441008.333333333,15373.5,0,53752.5,13036,165446.333333333,NA,16351,17137.5,241501,5246,477571.5,149568,0,2718
Dunnswood,65673,10522,209630,265453,,1819957,,3239,,,64212,,19173,17425,,115451,,,33518,248418,,8219,,,,,,,,19994,4653,,,222690,204741,,,,69506,,,54660,104746,196190,29328,,,,,79654,,,,NA,,1150,,,,13612,,,6823,352126,,104315,,,,7369,,,,,148789,141285,,,20359,,,,,20282,133366,,880179,,,
Dunnswood - Carrickstone,,19654.5,,,,,,2546,,,,,,,,,,,,,,,,,,,,,,1957,,,,,,,,,,,,,,,,,,,,,2450,,,,,,,,,,,,,,,,,,,,,,,,,,,,,,,,,,,,,,,
Dunoon,,,,,,,41248.5,,,,,,72289,,,,,,,9880,,,,,,,,,24169,,,,,,,,,,,,,,,,,,,,,,,,,23882,,,,,,,,,,,,,,,14706,,,,,,,,,,,,21886.5,30694,,,,,,,,
Duns,29558,0,30459,,,21142,26862,351.5,,,30440,,59873,316,,140198,102886,,942.5,108078,,476.5,18806,,6010.5,45337,,,37587,0,0,,,65399,77256.5,,10798,,824.5,,6951,,77719,5169,0,,,,1426,52916.5,1407,,,181257,,0,,,11605,19377,,,2263,13462.5,,,,,4938,0,,,,,,37579.5,259,,,,,,0,367.5,24874.5,,40548,,,
East Calder,158241.666666667,51579.5,47530,81314,,495449,201839.666666667,54584,,,214309,,477803.5,41337,143903,133503,302550,,52002,184245,,12126.5,107365,,49452,403064,,,120898.666666667,25255,13357,,,336120,140557,,411082.5,,25362,332039,12534,25227,252115,132635,94197,39219,,,118691,75011,3963.5,,,157083.333333333,,2969.5,,,,157066.5,,,45898.5,165215.5,667415,28408,,77699,145567.5,52795.5,195137,,,,42573,100434,2952.5,,33292,,170979.5,318658,1794,14772,89457,,299045,281510.5,,
Ellon,59641,,11234.5,,,459370,,,,,114369.5,,47387,9002,,248221.5,68891,,,,,151.5,39419,,,211943,,,51836,8241,3901,,,,,,46333,,,,584,,78406.5,63743,,,,,,258355.5,383.5,,,96078.5,,0,,,,68537.5,,,,22415,,,,51534,,,,,,,,119483,929,,,,,,1483,0,20772,,263781,,,
Erskine,75202,,,,,,86299.3333333333,,,,,,196922.333333333,,,76440,,,,34536,,,,,,,,,46435,,,,,,,,,,,458950,,,40702,,,,,,,91409.6666666667,,,,121552,,,,,,,,,,,255703,,,,62360,,,,,,,95273,,,,,133392.666666667,162510.5,,,,,,,,
Eyemouth,46319,188.5,,,,17043,,2561,,,,,37410,,,95989.5,,,,64514.5,,0,,,,100818,,,,182.5,0,,,61693,241646.5,,,,,,,,57299,,,,,,,20792.5,4205,,,24320,,793.5,,,,36280.5,,,,,,,,77373,,1356,,,,,,122443.5,8528.5,,4591,,128692.5,,348,0,,,220687.5,,,
Fairlie,,0,3104,,,19363.5,8673,307,,,,,33808,1474.5,,14737.5,3775,,7131.5,,,266,3846,,21820,11,,,,0,212,,,84398,3987,,4366,,1269,,212.5,,26622,506.5,1379,,,,,186401.5,3427,,,,,0,,,12133,6993,,,3481,1873.5,,,,5181,,0,,,,,,3263,0,,0,,,,211.5,1098,10355,,14464.5,,,
Falkirk,149495.666666667,9884.5,151617,47482,,323595,57703.3333333333,27029.5,2889,,87481,,229483.666666667,26087.5,29710,55905,56211.5,,35725.5,77785.5,,6178.5,112497,41042,77856,91884.5,,2085,87945.6666666667,9078.5,6424,,,184638.5,156911,,158225,,6831,287635,17207.5,16060,47269.6666666667,41372.5,12810,,,30605,212565,84448,1254,,1903,107679.666666667,,15607,25709,11608,108530,58345.5,,0,48650,132357,,130261,2506,18805.5,54924.6666666667,30097.5,17292,,,32240,72551,101776.5,6285.5,0,62854,6494,115345,365167,3493,19289.5,55171,,323914,110540,0,0
Fauldhouse,,NA,249993,115165,,694857,118389,3620,,,280564,,147889,164624.5,5878,78540,178445.5,,13147.5,215520,4447,30551.5,,,8097,,,,68159,350,1172.5,,,387858,342656,,54011,,107888.5,,73529,27470,57840.5,102750,27905,5267,,,,330298,4748,,,54679,,0,,,540477,68518,,,43970,524843,,41875,,16177,,4473,25551,,,,23382.5,122072,1995,,,,64512,,3083.5,19377,251179,,1179788,,,
Forfar,157988,3225.5,31129,,,319396,136733,26137,,,54596,,66148,23996.5,,93772.5,29257.5,,,,,4043.5,190381,,,50095,,,,11430,2877.5,,,237266,168587,,,,,96149,44831,,40041.5,26204,8923,,,,,290306,729,,,68822,,2526,,,84464,216765,,,,83035.5,,,,31453,88431,11146,,,,,,200282,1333,,7348.5,,264925.5,93793,882.5,52049,98126.5,,121219,,,
Forfar - Central,,,,,,,,,,,,,,,,,,,,,,,,,,,,,,,,,,,,,,,,,,,,,,,,,,,277.5,,,,4185.33333333333,,,,,,,,,,,,,,,,,,,,,,1032.66666666667,,,,,,0,,,,,,,
Forres,196414,,190155,,,,,,,,,,243175.5,3036,,,18904,,,91474,,7889.5,,,,53158,,,100426.5,1159,16531.5,,,15415,,,75941,,,,31014.5,,,,,,,,,234000,0,,,40395,,1976.5,,,59636,249840.5,,,,92130,,,,73207.6666666667,,,,,,,,254353.5,614.5,,23609,,,159569,0,3927,,,34801,169763.5,,
Fort William,123400,0,43208,336,1503,759466.5,39469,0,1847,,69569,0,,39788,0,53156,,,919.5,NA,,39183,94007,,0,28627,,0,39776.5,0,12859.5,,,123028,55631,,96147,626,13117.5,70678,10048,1018,64953.5,94539,1366,,,16112,5581,27536.5,192.5,,560,36460.5,0,0,2130,0,195740.5,30069,,689,,,,416885,164110,114785.5,38966.5,1615.5,,,,,954,58028,501,,95832.5,58658,33032,18660,417.5,28924,65124,132153,130366,95650.5,,0
Fraserburgh,,1091,107879,,,350798.5,86263,11580,,,256698,,37287,18155.5,47938,180573.5,80651,,55071.3333333333,212677.5,,223,302608,,47533,80130,,,256643,1534,182,,,235433,472972.5,,163805,,62736.6666666667,,4200.5,,289803.5,271528,19894.3333333333,,,,19307,114703,0,,,39897.5,22071,0,,,118549,147267.5,,,50718.5,165407,597421,,,,29615,12250.3333333333,,,,,34937.6666666667,95408,247,,,,,72929,2970.66666666667,221,185845,,518034.5,144476,,
Galashiels,43729,,3505,7025,21303,94555,95523,486,0,,66468,,68354,55898,68542,40901.5,312430,0,1088,161610,,0,,3991,801,24597,,0,50277,1221,1127,25862,23879,29333,216518,,31000,,926,37400,8766,1886,46153.5,23892,1162,,,3927,,505333,0,,0,13111.5,,335,1195,2621,425367,72844,0,0,0,24645,274020,27588,2273,22846,57757,3766,2214,,,3431,1381,189813,0,0,46982,743,49020,,338,2436,38377,,197061,39633.5,,0
Girvan,,4836,45338,,,367662,43745,1250,,,58743,,60902,2479,,28045,0,,2198,24454,,2259,,,2898,NA,,,,3558,0,,,339667,49714,,160044,,0,57930,8416,,25241,111650,399,,,,,38972,0,,,119519,,0,,,,3934,,,1382,NA,195349,,,,,0,,,,,,50265,NA,,,,62360,,3038,3816,130916,,,NA,,
Grantown on Spey,,,,,,,,,,,,,,,,,,,,,,0,,,,,,,,,0,,,,,,,,,,,,,,,,,,,,,,,,,0,,,,,,,,,,,,,,,,,,,,,0,,,,,,,,,,,,,
Guardbridge,81134,1123.5,9326,,,259002,62226.5,7979.5,,,325216.5,,114117.5,2540,2202,58453,,,927,51265,,1224.5,,,1974.5,97005,,,69346,0,0,,,107561,81461,,17893,,11648,,4366.5,,101166,21238,0,,,,0,91160,114,,,21302,,0,,,75487,26560,,,887,,,,,66983,,771,,,,,0,352906.5,0,,,,21038,,0,1554,,,196888,,,
Haddington,73477,,,,,,,,,,,,NA,,,49537,,,,251809,,,,,,,,,,,,,,,,,,,,,,,120176,,,,,,,1081724,,,,123779.5,,,,,,,,,,,,,,,,,,,,,,174755,,,,,83775,119630,,,,,,,,
Hamilton,126637.5,17392,212218,50476,207349,2474556,206481.333333333,29979,74247,,337000,,298334.666666667,35312,41554,102882,307787,12714,38668.5,147315,60740,27673.5,220849,,50942,93631.5,,,91434.6666666667,20309.5,16543.5,38774.5,84584.6666666667,779925,241254,,453847.5,,16405,510565,39221,29083,159089,274085.5,16626,,,285166,28703,306975,21037.5,,1870,126243.5,,14182,48550,45564.6666666667,454507.5,141905.5,,698,58110,183373,824949,102951,,183778,141425,39418.5,33453,,,114042,78899,171667.5,23063,,161841,17191,231330,125432,49006,21692,227396,41927,1030083,178372.5,,954
Harthill,,NA,140820,26527,,NA,,NA,,,,,971671,16546,,NA,,,25457,,,0,234345,,26544,257455,,,,1367,3208,,,,262691,,12595,,46298,239482,109664,436,92778,1090666,2096,,,,143407,NA,604,,,167777,,311,,,,139810,,,1695,168586,,37161,,,,14112,,,,,7342,570925,797,,,,54604,,1905,0,185202,,NA,,,
Hatton,223441.75,18437,216362.5,74751.3333333333,58928,343036,211832.5,20393.3333333333,22938,,176818.333333333,,180057.75,156071.333333333,66560,112744,116583,3366,10128.3333333333,221581.333333333,51249,30918.6666666667,185456,9348,8218.66666666667,167922.666666667,,1351,117564.5,10884,12309.5,,20969,337814.5,165917.333333333,,181064,,15140,274004,43429.6666666667,50457.3333333333,46650.5,72292.6666666667,15270.6666666667,,,,16027.3333333333,184709.333333333,5671,1752,1870,89774.25,4470,8759.33333333333,29775,13486,188996.333333333,94015,,8360,8743.66666666667,484636.333333333,368882,78130.3333333333,41811,44053.3333333333,137240.666666667,17749,,,,22225,58695,146818,7536.66666666667,1175,43375,11912,170324,130468.333333333,,68302,91669.3333333333,20627,523766,170536.333333333,,10714
Hatton - Fintry East,NA,,22523108.5,,,1395889,,,,,,,51441,231782,,78497,149503,,,NA,,2449.5,135510,,,NA,,,,,1136.5,,,1424406,401033,,,,,,341282,,28052,20087,,,,,,NA,3196,,,51338,858,0,,,13075,363099.5,,,,1190290,,,,26020,42516,,,,,,,45196,916,,9682,,478716,,0,9481,36283.5,,NA,,,
Hatton - Fintry North,42736,,544050,,,1631776,128464,,,,,,43627,364435,,32988,26576.5,,,,,22880.5,460736.5,,,33878,,,,,31354.5,,,,45658,,,,,,105639.5,,66616.5,400315,,,,,,38342,0,,,58456,15846,0,,,322374.5,178470.5,,,,496778,,,,204857,NA,,,,,,,136639,0,,98556,,183065,,989,35251.5,87141,,322518,,,
Hatton - Fintry West,107744.5,,502918,,,,346153,,,,,,1138524.5,119202.5,,26241,1385,,,325412,,18241.5,1203845.5,,,205112,,,,,1141.5,,,,80161,,,,,,16749,,7347,41649,,,,,,NA,5786.5,,,22277,8517.25,0,,,89672,131371,,,,245469,,,,162730,64166,,,,,,,131223,1418.5,,9562,,NA,,0,638259,129318,,220665.5,,,
Hawick,120606,877,36586,185436,1068,28458,27407,2124,46942,,22251,,,90782,63795,301695,28097,0,1296,149677,51798,,,7474,6871,6454,,5498,74067,0,398,30986,11284,37390,36091,,131256,,354,563428,2845,55307,72898,91694,446,,,754,690,66385,0,,6326,68833,,2573,10720,12892,155165,0,0,3893,0,961455,,196615,5541,30827,93351,1041,14559,,,8703,5439,213626,4787,,11563,12933,143258,98648,NA,,55408,11577,123645,110832.5,0,0
Helensburgh,,49627,3253,30581,91754,977285,66648.5,27059,,,207269,,48959,7004,15342,94414.5,3482,,13762,122199.5,3872,7290,0,1987.5,85921,141026,,,49619,26832,3009,7772,2374,73612,50074,,209144,,44852,172661,0,36142,67104.5,22123,24424,,,60947,230990,40481,3263,,0,106599,,678,12884,6237,3923,42304,,0,56401,8427,105312,7822,3763,15142,,28812,,,,36441,8180,84826,1966,,9231,2403,133670,,1176,3424,40713,0,0,,0,0
Huntly,,,18040,,,35337.5,22097,,,,,,180475,14136.5,,42559.5,12060.5,,,,,301,10079,,,234860,,,,,,,,,220093.5,,269050,,,,836,,41389,13049.5,,,,,,175064,,,,11625.5,,,,,292395.5,186798,,,,3812,791460,,,98062,26139,,,,,,,91790,,,12462.5,,28140,6948,,0,28940,,253592,,,
Inverclyde,94129.5,7188.5,93789,233525,,384751,54320,3719,,,77358,,130700.333333333,36714.5,21154,34723,92972.5,,2514.5,45366.5,97610,14763.3333333333,58184.5,,8979,28963.6666666667,,,44154.3333333333,3618.5,5142,,,179222.5,53780.5,,142612,,16407,,6175,68325,62141.25,82074,10574,31766,,,17942,68238,1860.5,,,68415.5,3519,6540.66666666667,,,106049,43118.5,,,13268,100606.333333333,313095,46543,,,45206.3333333333,5058,18141,,,,15852,75780.25,14852,,27378,,112022,92805.3333333333,7651,12814.5,48628,,227204.5,61090.5,,
Inverclyde - Gourock,56903,35099.5,292274,,,117133,,,,,,,25111.5,120899,,78428,122370,,,,,144433,76945,,,29421,,,,96874,,,,154482,11732.5,,,,,,67622.5,,42449,76820.5,,,,,,87763.5,11408.5,,,38504,372138,,,,255345.5,21055,,,,160473,,,,189061,,,,,,,,20993.5,351277,,44428,,199240,,47136.5,488456,28520.5,,163091.5,,,
Inverurie,184399,,28795,,,792806.5,NA,,,,,,145362,11722,,86812.5,,,,,,10530,NA,,,448251,,,53745,9178.5,5480,,,218584,442545,,,,,,11302.5,,108778,78960.5,,,,,,315814,8360.5,,,33250,,4441,,,,415775,,,,290641,,,,,107369,,,,,,,252431,32087.5,,32306,,239685,169833,211,1043,109973,,570794,,,
Ironmill Bay,,2600,277173.5,,,147980.5,95011,61046.5,,,,,63250.5,48870.5,8982,112608.5,,,22674,37794,,28050,58452.5,,,,,,,4474,7046,,,43107,68085.5,,42402,,20971,,32813.5,,101454.5,89532,12949.5,,,,1189,65073,480.5,,,98402.5,,737,,,,15668,,,5984.5,11781.5,,,,8307,,9407.5,,,,,6896,100727.5,29643,,,,134441.5,71447,1472,4003.5,73775,,77367,,,
Jedburgh,154147.5,,,,,,27377.5,,,,,,,,,89040,,,,,,,,,,,,,11109,,,,,,,,,,,,,,269497,,,,,,,12217.5,,,,43959.5,,,,,,,,,,,,,,,22216,,,,,,,26223,,,,,21003,,,,,,,,,
Kelso,107315,0,44622.5,,,101466.5,50414,0,,,31629,,220036,12497,,15796.5,0,,,93943,,0,,,,4901,,,79364,157,0,,,44665,64736.5,,5573,,,,143,,41057.5,17405,,,,,,40533.5,552.5,,,40836,,2295.5,,,,8226.5,,,,25773,,,,,71134,161.5,,,,,,132141,2488.5,,,,60569,,0,1469.5,11992,,47740.5,,,
Kincardine,,11908,6057.5,,,,,2345,,,,,,NA,16876,,,,27167,,,17129,,,63553,,,,,16779.5,6484.5,,,,,,,,11937,,NA,,,,148242.5,,,,231346,,594,,,,,921.5,,,,,,,36793.5,41041,,,,,,4408.5,,,,,318594,,0,,,,,,454,NA,,,,,,
Kinneil,,,,,,,181882,,,,,,402984.666666667,,,168514.333333333,,,,64082,,,,,,,,,248525,,,,,,,,,,,,,,157443,,,,,,,274271.5,,,,119223,,,,,,,,,,,,,,,153534,,,,,,,255166.666666667,,,,,56923,NA,,,,,,,,
Kirkcaldy,231797.333333333,26624,243596,,,1170966,151105,55115.5,,,264382,,285955.333333333,171459.5,46997,240263.666666667,,,9037,156437.5,,48594,155592,,31453,226509,,,254860.666666667,15209,12932,,,311418.5,141464,,204393.5,,18226,291605,76697,,121465.333333333,161368,55854.5,,,,16041,250881.5,25199,,,183763,,23599,,,,100228,,,53203.5,287425,,,,70003,147506,33246,,,,,12091,335447,30309,,157089,,286789.5,,11527.5,68596,204382.5,,456212,255697,,
Kirkwall,17891.5,0,9078.5,670.333333333333,0,73920,42863,237.333333333333,230.666666666667,,20056.5,6066,4584,19553,1785,38246.5,66937.5,0,0,81113,,0,58392,,126.666666666667,17800,0,0,14609,322.666666666667,158.5,0,0,,18938,,16365,,252.666666666667,,2858.5,1558.33333333333,17320.5,18027,0,,,0,0,39331.5,0,,0,8040,0,0,0,0,20943,19860,,4418,1160,11517.5,,847,986,19067,,0,0,,,0,0,116950.5,350,,5910,517,96945.5,15416,0,3218.5,11457,0,22317,12850,0,36871
Lanark,242907,22343,27687,63779,,791669,38984,10910,,,NA,,NA,51084,NA,48636,136108,,58277,67423,,40004,42849,,38818,17298,,,103239,,2822,,,NA,,,,,64385,,41809,16013,19334,108909,3126,,,,74165,,0,,,NA,,1195,,,,NA,,,184799,11460,167773,55489,,,,5706,,,,,18103,68979,NA,,,,51584,NA,651,6425,23777,,234979,,,
Langholm,,,175574.5,,,1636393,52783,,,,412849,,9890,3155.5,,13730,NA,,,97396,,0,38535,,,4846,,,131332,,0,,,464692,27518,,,,,,0,,36766.5,114540,,,,,,38117.5,0,,,5571,,0,,,25454,36057.5,,,,28147,,,,32147,27000,,,,,,,4862.5,,,17213.5,,44742,,0,0,NA,,NA,,,
Largs,66583,28759.5,33814.5,,,102751.5,0,1809,,,80725,,55971,20690,,46799,,,23750.5,,,346,16822,,25638.5,13855,,,,22213,0,,,114929.5,27908,,,,34466.5,,11646.5,,14052,18216,992,,,,18892,47783.5,1112,,,39608,,0,,,,12640,,,6036,8355,,,,,NA,NA,,,,,,19402,906,,,,80784,70168.5,1831,0,15526.5,,36489,,,
Lerwick,NA,0,4534,642,0,13461.5,NA,0,0,,10482,,8393.5,NA,3303,1240,0,,0,45248.5,,2155.5,7880,0,NA,0,,0,NA,0,NA,0,0,41917,0,,7365,,0,,3481.5,3582,NA,15315,0,,,5219,0,86054,NA,,0,NA,0,0,0,486,3066,1180.5,,0,0,4385,6697,10257,28534,3205.5,,0,0,,,,0,15342,3348.5,,2833,0,NA,NA,0,543,20202,0,2894,2476,0,0
Lesmahagow,,0,6813,,,127113,,1175.5,,,,,76005,0,,43179,19242,,19713.5,19637,,0,197298,,501371,5670,,,,,1958,,,154126,,,,,50697,,6998,,104721,51969,3485,,,,24175,,480,,,0,,0,,,,NA,,,622995,85544,187619,23560,,,,NA,,,,,60888,188771,1315,,,,144060,126510,5829,0,47302,,508016,,,
Levenmouth,171839.666666667,18621.5,154741,56674.75,33245,,58393,14915,18589.25,,,0,230410.666666667,27306.5,55695,109219.5,,1364,11435.5,156453,99853,10352.5,102123,2281.33333333333,8027,,0,759.333333333333,89468.5,5711,2085.5,57886.5,22886.5,,,,,0,11451,364916,10691,15422,56390.25,,15594.5,,,41971.6666666667,16305,121582,5571,0,0,124136.666666667,,9344.5,67735,36313.3333333333,,,0,1616.5,14925.5,108549,NA,57069.6666666667,49358.5,,39867,21646,20919.3333333333,,,42732.25,30549,172907.75,3245.5,0,,6446.2,139285,50840,4916,8199.5,137794.5,13646.3333333333,,103552.333333333,0,376.25
Linlithgow,74105,1737.5,58203.5,64024,,412222,89473,16042,,,323506,,161438.5,22937.5,7741.5,,37191,,7720.5,221769,,1265,288059,,2708,168375,,,46876,2263,739,,,434850.5,36859.5,,238065,,649,715235,6520,21614,196731,60145.5,3860.5,13809,,,8655.5,233114.5,265.5,,,244575.5,,22833,,,,235984,,,1309.5,128414,,27134,,,,4182,12650,,,,5576.5,118290.5,1702.5,,81914,,143493,387211,434.5,28703,94085,,160930,,,
Loch Ryan,23045.5,,,,,138410.5,13984.5,,,,25195,,15001.5,2503,,NA,18224,,,9164,,0,4753,,,31416,,,39678,,,,,78660,12837,,,,,,781,,8999,24511,,,,,,91934.5,,,,2576,,,,,76294.5,,,,,38468,,,,13265,30605,,,,,,,11338,,,15310,,,,730,551.5,24446,,218866.5,,,
Lockerbie,85886,0,35228,17850.5,2979,494480,43662.5,0,1350,,84111,,58903,0,17992.5,49254.5,190775.5,151.25,1094.5,26633.5,,0,6773,0,0,2012.5,,4604.5,45967,189.5,0,20368.5,109707.5,276876,113863,,100939,,0,267439,339,3127.5,3927,,514,,,5219.75,1521.5,43542,0,,0,12476.5,,0,222.5,1836.5,237934.5,27591.5,,0,0,98097.5,,7468,3595,69836.5,115649,0,2173,,,3249,1047.5,116706.5,0,,55010,253.75,NA,NA,0,532,34714,707,203033.5,71892.6666666667,,0
Lossiemouth,NA,9939,6192,,,135212,71411,9680.33333333333,,,69181,,NA,3880.5,,NA,83684.6666666667,,2801,151905,,1677,70381.5,,4128,108357,,,26509,11192.3333333333,3344,,,197271,NA,,,,4947,,2280.66666666667,,40378,90025,1284,,,,9993.5,NA,20325,,,NA,10252.3333333333,6479.66666666667,,,79799.6666666667,NA,,,15532,65948.6666666667,,,,51696,NA,6798,,,,,NA,NA,10913.3333333333,,37243.3333333333,,154436,NA,9319.66666666667,0,69689,,296251.666666667,122253.5,,
Mauldslie,,18240,20158,57581,,,,16854,,,,,75454,48573,12821,200547,,,14402,NA,,2155,,,72378,86799,,,,,8646,,,,,,,,35917,912198,96411,102175,88347,122225,7695,,,,16401,,4809,,,,,14924,,,324400,133213,,,17976,90578,,118803,,,,20132,,,,,108092,97619,13612,,,,33218,,8033,10347,188219,,940753,,,
Maybole,,0,85800,NA,,386705,185725,1033,,,108128,,,4654,,217192,,,0,246078,,0,46217,,523,5148,,,,418,0,,,564251,,,,,440,335410,28477,13034,,,25856,,,,20933,237482,0,,,137081,,409,,,,,,,0,46072,,6536,,,,0,,,,,2116,,1246,,,,177921,,0,5454,10520,,411579,,,
Meadowhead,61160,16278,54177,111004,25733.5,409239.5,46053,14960.6666666667,,,232561,0,103313.25,67107.3333333333,43537,80975.25,206032.333333333,888,21285,43287.6666666667,136934,35870.6666666667,79188.5,32713,41711,92510.5,,0,65357.75,9636,17788.3333333333,24106,77373,604668.5,87744,,207469.333333333,0,20661.3333333333,181318,25732.3333333333,38837.6666666667,69127.25,79885,15477.6666666667,,,28078,107134.333333333,121259.75,5178,,3172,71640.75,7998,22005.3333333333,40572.5,,255974,58836,,,18664,74668.5,374463,75375,9637,65825,42428,24833.3333333333,36411,,,67947,46507.3333333333,71686,7326.5,,59366,5899.5,101948,105075,10707.5,78546.3333333333,100342,24566,738926,116331.666666667,,0
Meadowhead - Kilmarnock HMP,10812,,239835,,,297567,1694,,,,NA,,7535,687,,124275,2291.5,,,,,4887,122035,,,NA,,,1757,,3429.5,,,,450393,,5151107,,,,7275,,52050.5,48499.5,,,,,,146353,,,,11707.5,,11396.4,,,14879,13966,,,,49762,,,,,NA,,,,,,,9003.5,6228.5,,5118,,0,22774,,1926,75862.5,,95199,67180,,
Montrose,58214,,,,,,29710,,,,,,22190.5,,,71590,,,,,,,,,,,,,37538,,,,,,,,,,,124611,,,107960.5,,,,,,,249927,,,,31676,,,,,,,,,,,,,,,28718,,,,,,,264169,,,,,44742,100618,,,,,,,,
Muirkirk,,13998,,,,,,0,,,,,,,,,,,3071,,,,,,2423.5,,,,,92630,,,,,,,,,7551,,,,,,0,,,,29818.5,,488,,,,,,,,,,,,2898.5,,,,,,,8693,,,,,,,,,,,,,316.5,,,,,,,
Nairn,51063,6607,87833,14404,2390,51333,,798,0,,,,31833,51612,NA,75567,,0,NA,85085,,0,59509,8924,5226,20942,,0,,0,NA,907,835,119155,98417,,16606,,437,,1608,5079,NA,,4870,,,,115707,,0,,0,NA,,402,0,0,204045,45240,,0,2871,205558,,32871,6535,56094.5,,1176,0,,,4410,1697,36775,685,0,18659,0,,119229,0,9999,10311,33918,83704,197413,,0
Neilston,50332,755,16814.5,,,209332,27802,0,,,,,,15809.5,,22692,,,42831,,,4585,96823,,2555,11312,,,6972,1758.5,2654,,,191262,53943,,123312,,3412,,6812.5,,90299.5,84256,2441.5,,,,,63996.5,416,,,NA,,4497.5,,,,65947,,,1835,268356,,,,,16882,2229,,,,,,85538.5,0,,,,182374.5,,565,6264,114729,,603724,,,
Newbridge,157063,,,,,,153023,,,,,,261806.5,,,130133.333333333,,,,45555,,,,,,,,,,,,,,,,,,,,NA,,,98289.3333333333,,,,,,,218339,,,,118374.666666667,,,,,,,,,,,,,,,,,,,,,,87145,,,,,73943,99098,,,,,,,,
Newburgh,26856,75.5,38383,,,105282,223137,5630,,,49166,,78647.5,28362.5,3500,22506,14581,,6923.5,227820,,1595,76814.5,,1992.5,74020,,,107589,0,0,,,122725,199214,,302367,,4584,,1443.5,,30649,,768,,,,0,85846,114.5,,,90933,,0,,,66043,41769,,,17600,22083,,,,,161797,754.5,,,,,731,669079.5,115,,,,147125,31475,162,220,,,157075,,,
New Cumnock,,0,145337,205163,,347746,25373,0,,,,,19273,9565,,,,,6608,,,1624,132253,,10246,,,,23666,,4061,,,296846,7031,,NA,,28861,,22739,17094,74673,55360,5450,,,,25722,,3577,,,62919,,56283,,,,37705,,,33908,151587,,9265,,,,4210,,,,,482346,53581,19173,,,,403745,,,18370,85509,,85136,,,
Newport & Tayport,,0,77043.5,,,1681048,55625,196,,,92798.5,,161006.5,68473,2522,6931.5,29280,,24067,,,9759,40532.5,,3059.5,157049,,,,0,0,,,166184,203415,,242750,,3857,,22865.5,,52832,28150,1619,,,,918,137656,0,,,16563,,1449.5,,,,26659,,,12365.5,155651,,,,23651,,6246,,,,,3013,46423,139.5,,,,87847,237783,0,25749,21799,,433855,,,
Newtown St Boswell,113631,0,6954.5,,,29672,37982,0,,,,,4724.5,402,,NA,19250,,11448,10325,,10669,36108.5,,0,61759,,,7836,0,1274,,,69919.5,46918,,431808,,3492,,2591,,86121,106555,0,,,,1773,257333.5,0,,,14934.5,,3690,,,75880,162724,,,6561,34885.5,,,,4726,,0,,,,,,408359,218,,0,,101567,,0,1263,427615,,58960,,,
Nigg,258210.25,10844.3333333333,269398,126058,10626,1032472,263102,7303.66666666667,34455,,134959.5,14608.5,174896,121654.5,36578.5,152470.25,121439.5,2528.25,10076.3333333333,172920,171256,13565,85230,6627,11800.5,77740,,419,129973,17717.5,6133.33333333333,33705,,44003.5,109236.25,,232247,759,6402,354486,26676.5,79810.5,82840.5,105001.5,15169.3333333333,,0,11391.3333333333,17299.6666666667,269472,4053,0,1646.66666666667,77817.3333333333,3573,1632.5,16258,11976,271819.5,85264,0,2389.75,11118.5,390433,755786,88603,13326,87917.5,147813.25,14763.6666666667,28570,,,6842,23778.3333333333,278749,5483,0,54649,3648.5,306389.5,154976.666666667,2961.5,24950,142493,9306.75,450243,121471,0,8938
Nigg - Aberdeen RI,,,,,,,,,,,,,,,,,,,,,,,,,,3353,,,,,,,,,,,,,,,,,,,,,,,,,,,,,,,,,,,,,,,,,,,,,,,,,,,,,,,,,,,,,,0,,
Nigg - Torry,,11887.5,,,,,,2039,,,,,,,,,,,,,,,,,,,,,,25056,0,,,,,,,,,,,,,,35124.75,,,,,,1011,,,,4700.5,0,,,,,,,,,,,,,,2132,,,,,,,0,,,,,,0,,,,,,,
Oban,30152,,,,,,34709,,,,,,,,,,,,,9001,,,,,,,,,11642,,,,,,,,,,,,,,,,,,,,,,,,,22122.5,,,,,,,,,,,,,,,,,,,,,,,,,,,,,,,,,,,,
Paisley,63848.25,3679,82772,,,517483,74941.25,3652,,,179108,,189719.5,34501,,81587,282408,,59585.5,33669.5,,37866,194404,,40383.5,60053.5,,,53225.75,10464,20738,,,238883,37588,,57305,,40102,352615,26198,,39033.75,111073,25817,,,,,84970.6666666667,9755,,,61776,,2213.5,,,,38185,,,24964,177563,469200,,,98567,87097.5,36387,,,,,,158333.333333333,4107,,6887,,106937.25,87706,5112.5,23996.5,215196,,849689.5,112137.5,,
Paisley - Airport,,20787.4,,,,,,,,,,,,,,,,,,,,,,,,,,,,9390,,,,,,,,,,,,,,,,,,,,,316,,,,,51539,,,,,,,,,,,,,,,,,,,,,908,,,,,,1176,,,,,,,
Paisley - Blackhall,59652.5,25259.25,279163,,,333293,,,,,NA,,131195.5,1069635,,155404,142054.5,,,,,45619.5,131070,,,89740,,,,10300,163942,,,339762,5457,,,,,,80287,,101499.5,37391.5,,,,,,296669,305.5,,,,,39020.5,,,223024,24877,,,,106280.5,,,,66035,,,,,,,,81543,2249.5,,13224.5,,56340,,5055.5,38513,196506,,628750,,,
Paisley - Brediland,23455,1886.8,19145,,,2380,,,,,830,,1138.5,54166,,27382.5,0,,,,,451,10008,,,107762,,,,258.5,7612.5,,,15914,729.5,,,,,,243.5,,0,4745.5,,,,,,14856.5,0,,,12024,,277766,,,9458,0,,,,8370,,,,40506.5,,,,,,,,19024.5,596.5,,1381.5,,0,,0,12637.5,4994,,11238,,,
Peebles,44923,,8945,9128,0,28456,83538,0,4847,,1234,0,,7420,0,25382,48722,3201,322,,3456,0,,0,NA,10,,0,67412,0,0,6007,3550,,,,1787,,464,,,4058,30275,67972,0,,,1967,2821,,0,,0,22306,,637,5026,5049,32348,34595,0,0,2184,46968,,20568,2374,98077,46297,0,2234,,,69418,0,102401,0,,15065,7537,42658,,3279,622,14299,2820,72992,53516.5,,0
Penicuik,142384,0,263935,,,NA,84586,4615,,,NA,,243452,112360,,104546,,,5891,,,30379,469573,,185357,,,,,18341,90792,,,423665,227946,,268702,,20328,,50799,,61952,105297,44102,,,,,161565,27256,,,,,196734,,,541256,78643,,,1973,367658,,,,,,14165,,,,,,193434,8965,,,,230185,,1202,102458,,,684361,224338,,
Persley,364291,,,,,,610173,,,,,,119445,,,284457.5,,,,144655,,,,,,,,,,,,,,,,,,,,,,,363878,,,,,,,344301,,,,87794,,,,,,,,,,,,,,,,,,,,,,265738,,,,,,191887,,,,,,,,
Persley - Northfield,,11251.5,,,,,,98.5,,,,,,,,,,,,,,,,,,,,,,10957.5,0,,,,,,,,,,,,,,41492.3333333333,,,,,,1637,,,,372083,1250.5,,,,,,,,,,,,,,3247.5,,,,,,,721,,,,,,5137,,,,,,,
Perth,92126.3333333333,4455.5,65651,,,281156,158858,3882,,,166185.5,,121053.5,46431.5,,222481.666666667,170479,,12604.5,172317.5,,32989,131329,,23845.5,101485,,,57533,6836.5,11609.5,,,347741.5,199957.5,,519797,,6915.5,40483,52920.5,,69675.6666666667,58019.5,14274.5,,,,,165739.5,3920,,,97332.6666666667,,1281.5,,,,128447.5,,,27747.5,39541.5,146215,,,,62773,8498,,,,,,204169,5524,,,,328296,168187,9254,40225.5,63810.5,,385506,104946,,
Peterhead,96145.5,326.666666666667,9139.5,,,68603,74451,1002.66666666667,,,27397,,69042,4409.5,6188,16367,55751,,993.333333333333,,,1757,9080,,3937.66666666667,36424,,,51374,372,1098,,,155660,106390,,104801,,489,,419.5,,48649.5,12859.5,1298.66666666667,,,,3803.66666666667,34969,10367.5,,,41341,0,639.5,,,19149,23101,,,3013.33333333333,8271,345195,,,5426.5,253207,518.333333333333,,,,,71968,49665.5,664,,36189,,,53696,1018,483,2742,,95609,58082.5,,
Philipshill,195950.333333333,11646,186421,81968,42714,553786,145862,18068,21854.5,,598237,,278825,48232,147037,123248.666666667,145814,19346,24356,180872,119652,46633,149783,98134,21906,147280,,1612,124628,25106,20816,21438.5,34310,260924,87861,,91985,,23927,,24692,56755,69310.6666666667,338275,14528,,,53886,20998,138115,11385,0,7845,95878,,1595,153916.666666667,153337,892467,91182,,670,11823,147096,NA,105054,119819,115310,135096.666666667,20563,47530,,,98972,57775,96962.5,11815,405,160684,12601,121420.5,175074,25070,39946,118874,29868,877169,173022,,0
Philipshill - Hairmyres Hospital,,,,,,,,,,,,,,,,,,,,,,,,,,,,,,,,,,,,,0,,,,,,,,,,,,,,,,,,,,,,,,,,,,,,,,,,,,,,,,,,,,,,,,,,0,,,
Philipshill - Stewartfield (3606),,136.6,,,,,,,,,,,,,,,,,,,,,,,,,,,,NA,,,,,,,,,,,,,,,,,,,,,,,,,,,,,,,,,,,,,,,,,,,,,,,,,,,,,0,,,,,,,
Philipshill - Stewartfield (7801),,236.333333333333,,,,,,,,,,,,,,,,,,,,,,,,,,,,,,,,,,,,,,,,,,,,,,,,,,,,,,,,,,,,,,,,,,,,,,,,,,,,,,,,,4444,,,,,,,
Sanquhar,,,44717,,,546176,18526,,,,,,11759,91303,,,,,,,,1843.5,10849.5,,,60681,,,47116,,1025,,,182248,5958,,,,,,149634,,4672.5,34823,,,,,,368635,12041.5,,,,,11322.5,,,43425,9979.5,,,,181028.5,,,,,,,,,,,,15973.5,8243,,,,,,0,182288,80178.5,,994160,,,
Seafield,173123.75,7960.33333333333,408015.5,164158,40763,402868.333333333,137461.75,12664.3333333333,27505,,175045.666666667,,384442.5,80383,62618,74420.75,161808.666666667,,23148.3333333333,275491.333333333,,46131,129971.5,,151288,41514.6666666667,,9357,171114.75,8884.5,21736.6666666667,,26283,356775,132837.666666667,,181076.666666667,,27966.3333333333,530500,77748.6666666667,58557,87309.25,73713.5,16923.3333333333,,,51873,14852,204448.666666667,4411.33333333333,,2778.5,125654.75,5793,12643,57888,11841,213909.666666667,59975.3333333333,,1594,28603,145666.666666667,335513,102807,43502,81990.3333333333,146491.75,23737,23828,,,25333,26853,121271.75,8360.66666666667,,65969.3333333333,25637,227308.5,148835.5,3216,68605.6666666667,109238.5,32581,295955.5,99128,,0
Seafield - Cockenzie,99976,,1185244.5,,,NA,,,,,,,28044.5,292763,,8330,137849,,,,,528.2,512881,,,,,,94457,,,,,,NA,,44920,,,,15877,,95407,24813,,,,,,NA,,,,24577,,,,,NA,40115,,,,55788,,,,62549,,,,,,,,1150761,,,94424,,536188,,,9878.5,106149,,121966,,,
Seafield - Craigmillar,,,,,,,,,,,,,70171.5,,,248429,,,,NA,,,,,,,,,104701,,,,,,,,,,,,,,27701,,,,,,,62235,,,,41904,,,,,,,,,,,,,,,,,,,,,,29108,,,,,150989.5,,,,,,,,,
Seafield - Muirhouse,70162,,,,,,,,,,,,52657,,,265478,,,,104078,,,,,,,,,,,,,,,,,,,,,,,5443,,,,,,,473818,,,,81047,,,,,,,,,,,,,,,,,,,,,,182575,,,,,300188,,,,,,,,,
Seafield - Restalrig,83183,,,,,,,,,,,,458335,,,188034,,,,1448156,,,,,,,,,274750,,,,,,,,,,,,,,209135,,,,,,,188498,,,,NA,,,,,,,,,,,,,,,NA,,,,,,,100241,,,,,243617,,,,,,,,,
Seafield - Tranent,,,,,,,,,,,,,,,,,,,,,,,,,,,,,,0,,,,,,,,,,,,,,,,,,,,,0,,,,1111,,,,,,,,,,,,,,,,,,,,,,,,,,,,0,,,,,,,
Seafield - Western General,,,,,,,,,,,,,,,,,,,,,,,,,,,,,,,,,,NA,89872,,NA,,,,,,,,,,,,,NA,,,,,,,,,,,,,,,,,,,,,,,,,,,,,,,,,,,,,NA,NA,,
Selkirk,,1172.5,48792.5,,,123687,39468.5,883.5,,,,,,,,97776.5,,,,,,0,,,,12065,,,,0,0,,,13500,56824.5,,38785,,,,,,5693,0,,,,,,68583,0,,,8305,,452,,,,95269.5,,,,15905,,,,,,0,,,,,,64969,2568,,,,60977,,0,,20722,,74537.5,,,
Shieldhall,77277.5,18428.75,139365.5,121552.75,23210.5,500617.5,74219.5,14323.25,48916.4,207,288141.5,1463.25,136395.5,72382.5,53915.3333333333,85502.5,316145.5,10151.75,27772.5,48995,89685,81407,152704,19613,40931.3333333333,81291,538,12183.25,96144.75,16119,50553.5,21237.6666666667,70790,283209,51034,237.8,141559,0,57308.3333333333,379046,27952,53587.6666666667,72123.5,91846.5,36695.25,30184,,54728.6666666667,44380.6666666667,122435.666666667,12155,1462,8324.5,64978.25,,78424.5,58414,18249.75,340234,100758.5,0,1745.25,29926.3333333333,110446,620629,92058,47161.25,73017,92032.5,30688,16515.3333333333,0,0,70466.75,84951,97104.75,44601.5,845.5,82182.5,31926,48666.6666666667,151520,19573,NA,106523.5,49617,531415,124687.333333333,1162,1547.25
Shieldhall - Barrhead,126901,3323,231946.5,,,227920,,12891.6666666667,,,85436,,355247,136352.5,,982444,121498.5,,,,,22543.5,219429,,,NA,,,,7614,32991,,,564946,143518,,151368,,,,2735,,209947,65296,,,,,,332755.5,17027,,,246063,,4310,,,420980.5,NA,,,,45383,,,,47439,,,,,,,,163093,6014.5,,519126,,147461,,,29829,239743,,509969.5,,,
Shieldhall - Gorbals,146546,13550.5,185635.5,,,117740,,5213.4,,,102466,,87993,78032.5,,57156,89048.5,,,,,18303,81175,,,,,,,22393.5,151453.5,,,144149,15533.5,,88457,,,,15978,,94976.5,31982.5,,,,,,32358,7229,,,17048,,195909,,,301957.5,19733,,,,144230,,,,45923.5,,,,,,,,560835,62787.5,,31256,,45915,,,103029.5,66791,,67004.5,,,
Shieldhall - Govanhill,,99494,,,,,,47198.8,,,,,,,,,,,,,,,,,,,,,,32677.5,177504.5,,,,,,,,,,,,,,,,,,,,206768,,,,,1468930.5,,,,,,,,,,,,,,,,,,,,,1080061,,,,,,,,,,,,,
Shieldhall - IMAX,,,,,,,,,,,,,,,,20124.2,,,,,,,,,,,,,,,,,,,,,,,,,,,1356.5,,,,,,,NA,,,,,,,,,,,,,,,,,,,,,,,,,,0,,,,,,,,,,,,,,
Shieldhall - Pollockshields West,,,160395.5,,,165526,33537,,,,83750,,30017.5,100255.5,,139052.5,37600.5,,,51670.5,,,10730,,,39411,,,21460,,,,,244475,4051.5,,38599,,,,38181,,175950,22145.5,,,,,,105233.5,,,,18194,,,,,851488.5,NA,,,,31229,,,,7404.5,108578,,,,,,,117817,,,,,24480.5,,,248052.4,60707,,1111007,,,
Shieldhall - Science Centre,,,,,,,,,,,,,,,,37686.8,,,,,,,,,,0,,,,,,,,,4156,,,,,,,,0,,,,,,,0,,,,,,,,,,0,,,,,,,,,,,,,,,,2781.25,,,,,,,,,,,,0,,
Shotts,83818,9949,98613,62115,,,162128,5493,,,,,291463,17693,,NA,191062,,51129,258635,,0,,,62161,,,,,22946,2002,,,567675,82867,,NA,,17567,,12032,7086,34417,283855,28489,,,,94781,NA,25921,,,77617,,6929,,,,NA,,,46156,296213,,71297,,,,48062,,,,,70955,137049,51933,,,,NA,182448,12753,30217,305886,,160885,,,
Skellyton,,6071,220162,,,,,2221,,,,,509829,163450,396220,198797,,,6772,3495,,24463,,,44522,138771,,,,,29114,,,227120,,,149447,,195654,,39901,,114596,372332,7773,,,,NA,,2776,,,138156,,,,,518244,335446,,,5816,,,152127,,,,,,,,,174325,110356,4033,,,,120166,,57653,34342,1006023,,906709,,,
Springfield,58834,14529.5,5300,,,1223607,63841,24052,,,52502,,723177.5,16915.5,8790,57629,70517,,3231,128596.5,,854,76328,,230.5,48847,,,51982,1810,0,,,228867,189298.5,,163970,,1528.5,,11342.5,,54897.5,503563,21346,,,,2854.5,81900,3166,,,76783,,285.5,,,,34405,,,1755.5,,,,,,30488,8266,,,,,1227,66848,217,,,,119363,,374,2749.5,68345,,511353.5,,,
St Andrews,,32022.5,,,,461618.5,97213,41699.5,,,196542,,103447,63126,19254,107982,,,1747,,,22548.5,151441.5,,0,144603.5,,,,3576,3781.5,,,127761,414770,,197549.5,,3501.5,,18153,,71946,81720.5,20207,,,,0,595227,1376.5,,,41433,,16690,,,,147331,,,26913,116010,79869,,,56843,,20706,,,,,2285.5,465735.5,3238,,,,77373,,4973,19768,83431,,146338,139994,,
St Andrews - University (2979),8487,,,,,21423.5,,,,,9339,,22831.5,,,9393,209640,,,,,,,,,413291.5,,,,,,,,0,696,,18475,,,,,,14567,5263.25,,,,,,8064,,,,48.5,,,,,40901.5,,,,,,,,,0,,,,,,,,1720.5,,,1200,,,,,,,,10443.5,4970.5,,
St Andrews - University (4964),,,,,,17199.5,,,,,41949.5,,72420,,,13087.5,2969,,,,,,,,,55671,,,,,,,,139976.5,22979.5,,53587,,,,,,22713.5,569,,,,,,108717,,,,9183,,,,,7835,,,,,,,,,0,,,,,,,,130374,,,,,,,,,,,19131,18494.5,,
Stevenston,45474.6666666667,6761.5,50685,,,93265,43693.6666666667,10377,,,73050,,52467.5,36668.5,,15397.5,214805,,4701.5,7333.5,,16957,56480.5,,40319,34514,,,34080.3333333333,1578,6577.5,,,83959.5,30647.5,,14812,,13821,135197,18057,,30285.5,42089,6814.5,,,,18621.5,130221,3620.5,,,65813,3868,19600,,,153449.5,16273,,,26262.5,42188.5,,,,36819.5,28133.6666666667,13435.5,,,,,,29637,4775.5,,47717,,80614,46509,2711,19006.5,23932,,116156,25617,,
Stevenston - Stevenston East,17739,,265410,,,11742,NA,,,,NA,,156040,195847,,113219,151433,,,,,12575.5,58231,,,,,,,,381836,,,,29331.5,,22889,,,,4749.5,,64724,41079.5,,,,,,40490,690.5,,,30186,2929,1406,,,180893,,,,,364173,,,,3946,,,,,,,,4030.5,997.5,,1686.5,,490004,20028,0,9009.5,9151,,94453,,,
Stevenston - Stevenston West,413963,,58539,,,358006,30307,,,,60197,,140078.5,8434.5,,40218.5,158489,,,,,1641,3380,,,,,,,,7962,,,,62009,,28181,,,,2901,,10842,653670,,,,,,78236,28999,,,5236,5088,121404.5,,,785548,129670,,,,12513.5,,,,4978,,,,,,,,24679.5,15714.5,,168903,,20901,,4395,2195,16528,,NA,,,
Stirling,85038,16410,26965,18502,480,82751,29479,5204,2468,,31166,0,187627.5,1360,4115,49708.6666666667,NA,0,31668,47932.5,,6532,,0,7105,33062,,0,61090.3333333333,4510,1557,15486,4030,77862,20490,,20131,0,8006,234023,7662,7932,14275.6666666667,34166,3697,,,,10545,59978.5,2495,,0,39666.6666666667,,917,8618,,106778,11502,0,439,NA,74582,267164,34342,73967,38555,36520.5,17555,2127,,,4552,82628,72203.3333333333,6292,,18827,4752,23503.3333333333,56657,1389,1855,32205,10892,18168,40239,,0
Stirling - University,56150.5,,,,,345348,,,,,134485,,63,,,64467,4182.5,,,NA,,,,,,10153,,,,232.5,,,,NA,17473.5,,,,,,,,465109,,,,,,,22638,0,,,189,,,,,8189,8481,,,,,,,,,16499,,,,,,,,,,,,325708,,1068.5,,,,21562,3479,,
Stonehouse,,2399,11068,28746,,423858,,3529,,,,,115769,28740,,85800,,,433,5519,,15034,,,23359,63515,,,NA,,0,,,143355,,,,,3653,,6989,17984,88902,39818,12162,,,,4386,,1146,,,81022,,12707,,,,23535,,,11655,81885,411285,5789,,,,1215,,,,,4513,22474,524,,,,48325,,45331,36704,22767,,421327,,,
Stornoway,,NA,0,945,0,9563,,0,0,,19842,,NA,2089,1592,,,,NA,14846,NA,0,,0,13291,NA,,0,,0,0,,0,0,,,98191,,1071,,1487,0,,16058,,,,,NA,NA,0,,0,NA,,0,,0,84717,13445,,0,NA,8440,,NA,,25981,,0,,,,,24618,NA,0,,,0,,4274,0,0,29391,,12876,NA,,0
Strathaven,,10350,,24462,,,41541,10590,,,27755,,19176,,7078,92399,,,3872,101702,,0,,,2034,52057,,,,,2443,,,,,,90026,,38833,,,22228,43854,37833,5878,,,,1873,,21929,,,,,1138,,,,NA,,,77464,18567,,25363,,24407,,16250,,,,,5736,26811,6902,,,,86744,12868,21200,,79861,,408898,,,
Swinstie,,21166,33704,62809,,,,62820,,,,,32664,NA,10794,97425,,,27088,,,1140,,,32812,33621,,,,20787,,,,300737,,,NA,,16555,,4964,,33065,185965,27010,,,,NA,,NA,,,,,NA,,,,17393,,,7581,310843,,66856,,,57906,132188,,,,,24775,47175,3368,,,,NA,,11920,38263,188434,,1359412,,,
Thurso,,,,,,,39322,,,,,,9375.5,,,,,,,10294,,,,,,,,,,,,,,,,,,,,,,,,,,,,,,44213.5,,,,15948,,,,,,,,,,,,,,,,,,,,,,25962.5,,,,,23435,103585,,,,,,,,
Tillicoultry,,7370,12294,,,1192779.5,275251.5,28695,,,25253,,52195,75248,,535103,,,2854.5,,,4663,364863,,220834.5,114049,,,,1375.5,2671.5,,,178888.5,1230770.5,,153416,,22291.5,,9012,,335003.5,164620,4486,,,,,178029,1851,,,81720.5,,1352,,,,135760.5,,,25483.5,36031,,,,,,4815,,,,,,372857,2922,,,,39813,,459.5,94127,388708.5,,415509.5,,,
Troqueer,163879.5,0,63443,27997,21239,393696,124249,2498.5,5246,,64625.5,,256381,22360,10945,120548,350389,0,3787,72044,,1473,25732,6783,,132766.5,,626,67531,0,0,16982,6641,298422.5,189652.5,,204591,,4227,,15892.3333333333,34365,214676,,3728.5,,,20122,25175,160769.5,0,,0,47859,,350,3041,12588,148130.5,159158,,0,2558,50123,,207888,1478.5,29430,127405,2338,1667,0,,,,106437.5,205,0,61631,12869,135258,118241,0,1984,41926,21340,231792,104609,0,0
Turriff,29275,,20755.5,,,587036,,,,,,,,4563.5,,128643.5,36166,,,,,1179,12378,,,158347,,,,0,3743,,,,253962,,42651,,,,1447.5,,63710,1579.5,,,,,,81357,0,,,5180,,1627,,,24464,0,,,,28677,,,,,,,,,,,,58607,0,,,,21411,,0,0,0,,881486,,,
Uplawmoor,,213.5,,,,,,0,,,,,,,,,,,700,,,,,,0,,,,,,,,,,,,,,267.5,,,,,,0,,,,,,,,,,,,,,,,,,1524,,,,,,,0,,,,,,,,,,,,,,,,,,,,
Whitburn,,9854.5,75519,60622,,1600795,136592,5612.5,,,33467,,154571,105672.5,168999,114885,,,70167.5,83581.5,6187,15629.5,475173,,110144,98047,,,33318,555,483,,,415671,131599.5,,67333,,83808.5,171151,35746,142094,111454.5,79766,5342.5,5550,,,487578,118381.5,4997.5,,,89219.3333333333,,2901,,,,73102,,,50931,97979.5,462798,64903,,,,7046,53694,,,,38975,90860,3856,,,,59441,76436,1650,22068.5,187304.5,,478878,177806.5,,
Wick,,,,,,,80742,,,,,,53227.5,,,,,,,24160,,,,,,,,,,,,,,,,,,,,,,,,,,,,,,36800.5,,,,17106,,,,,,,,,,,,,,,,,,,,,,118434,,,,,,6016,,,,,,,,
Winchburgh,150892,250,66275,25703,,2340,307893,783.5,,,295446,,334331,64144.5,1324,128599.5,,,35004.5,,,4575,266669,,16512,,,,308109,0,24420.5,,,405348,260332.5,,216856,,4963,603496,10431.5,615,120137.5,110262.5,31689,,,,16477,36005,6268.5,,,123804,,282,,,135415,41469.5,,,49506,83126.5,,19745,,,NA,18354.5,6595,,,,3835.5,139511.5,184,,,,208895,13074,0,15531.5,285443.5,,2382,93579,,
