,Health_Board,Site,Latitude_dd,Longitude_dd,Population,2020-05-22,2020-06-23,2020-06-24,2020-06-25,2020-06-26,2020-06-27,2020-07-27,2020-07-28,2020-07-29,2020-07-30,2020-07-31,2020-08-32,2020-08-33,2020-08-34,2020-08-35,2020-08-36,2020-09-36,2020-09-37,2020-09-38,2020-09-39,2020-09-40,2020-10-40,2020-10-41,2020-10-42,2020-10-43,2020-10-44,2020-11-45,2020-11-46,2020-11-47,2020-11-48,2020-11-49,2020-12-49,2020-12-50,2020-12-51,2020-12-52,2020-12-53,2021-01-01,2021-01-02,2021-01-03,2021-01-04,2021-02-05,2021-02-06,2021-02-07,2021-02-08,2021-03-09,2021-03-10,2021-03-11,2021-03-12,2021-03-13,2021-04-13,2021-04-14,2021-04-15,2021-04-16,2021-04-17,2021-05-18,2021-05-19,2021-05-20,2021-05-21,2021-05-22,2021-06-22,2021-06-23,2021-06-24,2021-06-25,2021-06-26,2021-07-26,2021-07-27,2021-07-28,2021-07-29,2021-07-30,2021-08-31,2021-08-32,2021-08-33,2021-08-34,2021-08-35,2021-09-35,2021-09-36,2021-09-37,2021-09-38,2021-09-39,2021-10-39,2021-10-40,2021-10-41,2021-10-42,2021-10-43,2021-11-44,2021-11-45,2021-11-46,2021-11-47,2021-11-48,2021-12-48,2021-12-49,2021-12-50,2021-12-51,2021-12-52,2022-01-01,2022-01-02,2022-01-03,2022-01-04,2022-01-05,2022-02-05,2022-02-06
1,Highland,Allanfearn,57.4989010637052,-4.15211114427569,10k - 100k,NA,0,0,0,NA,0,NA,NA,NA,NA,NA,435,434,698,353.5,1124,4377.66666666667,2845.25,1113.75,4193.75,1863,1982,4006,4605,10806.75,30269.75,8493,3858.66666666667,7832.33333333333,10664,5324,2663.66666666667,1607.5,3919.5,NA,NA,69420,77327.75,36351.25,38834.5,36219.3333333333,58960,40512.25,32657.25,10975,37300.25,16571,31165.5,1676,597,9093.66666666667,2681.5,8421,2919,16607,8482.75,588.25,601.333333333333,1387,531.666666666667,2384,8624.75,23548.5,89813,98432,156193.25,94041.3333333333,87872.5,129899,43437.5,43954.6666666667,77068.75,290007.75,318495,677516,552046.5,314049,188965.5,86854.5,117328,72200.6666666667,96598.5,60537.25,156805.25,45648,58777.3333333333,78481,165955,194730,144194,88745.75,73765.5,191008,NA,104625.5,119257,52109.3333333333,111312,NA,54960,139249.5
2,Lanarkshire,Allers,55.7798920694044,-4.13503078112867,10k - 100k,NA,NA,NA,NA,NA,NA,NA,NA,NA,NA,NA,NA,NA,NA,NA,NA,NA,NA,NA,NA,NA,NA,NA,NA,NA,NA,NA,NA,NA,NA,NA,NA,NA,NA,NA,NA,164611,160353,60401,70511,44506,12350,60768,46774,15091,2164,3334,3694,NA,8910,3857,15269,NA,12276,7443,10590,2386,4087,12959,NA,9470,14018,77538,NA,317623,274111,172052,108883,182675,NA,NA,NA,NA,960625,NA,1081826,299940,138315,NA,77248,NA,NA,123163,41069,57559,310774,237807,374575,NA,NA,243833,249906,NA,449283,NA,NA,NA,NA,NA,NA,204570
3,Lanarkshire,Allers - St Leonards,55.7798920694044,-4.13503078112867,10k - 100k,NA,NA,NA,NA,NA,NA,NA,NA,NA,NA,NA,NA,NA,NA,NA,NA,NA,NA,NA,NA,NA,NA,NA,NA,NA,NA,NA,NA,NA,NA,NA,NA,NA,NA,NA,NA,NA,NA,NA,NA,NA,NA,NA,NA,NA,NA,NA,NA,NA,NA,26229.8,712.5,NA,40169,NA,NA,NA,NA,NA,NA,NA,NA,NA,NA,NA,NA,NA,NA,NA,NA,NA,NA,NA,NA,NA,NA,NA,NA,NA,NA,NA,NA,NA,NA,NA,NA,NA,NA,NA,NA,NA,NA,NA,NA,NA,NA,NA,NA,NA,NA,NA
4,Forth Valley,Alloa,56.1061119673765,-3.79172441125497,10k - 100k,NA,NA,NA,NA,NA,NA,NA,NA,NA,NA,NA,NA,NA,NA,NA,NA,NA,NA,NA,NA,NA,NA,NA,NA,NA,NA,NA,NA,NA,NA,NA,NA,NA,28652,3325,NA,111031.666666667,134828.666666667,14117,45315,55412.5,57188,18428,30908.6666666667,17336.6666666667,31512.6666666667,29208.3333333333,28714.3333333333,21288.5,25824,33859.5,20070,NA,10210,20652.5,29868.5,15459,21387,15119,67129,53874,32946,69111,53810,109200,75838.5,208317,80889,NA,84715.5,67159.5,206421.5,340498.5,508699,387159,611193.5,195319,74989,281593,NA,131851,118228.333333333,54429.5,188884,75495.5,115729,89206.5,112677.5,206461,NA,94273,74396,NA,NA,215815,92997,57654,38998,NA,110314.5,229783
5,Highland,Alness,57.6913714940501,-4.22477034888461,4k - 10k,NA,NA,NA,NA,NA,NA,NA,NA,NA,NA,NA,NA,NA,NA,NA,NA,NA,NA,NA,NA,NA,NA,NA,NA,NA,NA,NA,NA,NA,NA,NA,NA,NA,NA,NA,NA,NA,NA,NA,NA,NA,NA,NA,NA,NA,NA,NA,NA,NA,NA,NA,NA,NA,NA,NA,NA,NA,NA,NA,NA,NA,NA,NA,NA,NA,NA,NA,NA,NA,NA,NA,NA,NA,NA,NA,NA,NA,NA,NA,NA,NA,NA,NA,NA,NA,NA,781687,235220,NA,NA,75796,14795.5,NA,NA,NA,NA,73130,NA,NA,NA,NA
6,Forth Valley,Alva,56.1488188404649,-3.81485017736689,4k - 10k,NA,NA,NA,NA,NA,NA,NA,NA,NA,NA,NA,NA,NA,NA,NA,NA,NA,NA,NA,NA,NA,NA,NA,NA,NA,NA,NA,NA,NA,NA,NA,NA,NA,NA,NA,NA,NA,NA,NA,NA,NA,NA,71297.5,66241,14773,23393.5,5809,6407.5,5334,NA,4475.5,2498,NA,2475,877,2560.5,4651.5,5130.5,26755,169382,57177,41562.5,44692.5,37294,114838,72262.5,43734,91167.5,38202,NA,NA,NA,NA,259762,230940,538901.5,211164.5,73580,195669,NA,270461,NA,187682.5,253048.5,95325,110270.5,263265.5,256382,NA,NA,42389,120936,NA,NA,152478,NA,153344.5,NA,NA,752859,183432
7,Dumfries and Galloway,Annan,54.9738026551795,-3.2617209843747,4k - 10k,0,NA,NA,NA,NA,NA,NA,NA,NA,NA,NA,NA,NA,0,0,NA,0,0,0,580,0,NA,0,1290,1007,1779,2180,4477,14298,375,NA,0,0,NA,NA,NA,1193429,332249,17339,24242,5982,26815,957,6882,0,24598,5785,716,NA,NA,0,1548,NA,1544,2981,569,2584,0,NA,11180,NA,37858,13711,NA,61889,305215,NA,100038,NA,43863,69592,104565,517191,NA,191323,897852,433865,58010,79165,NA,53707,88414.3333333333,7675,37554,15514,62031,218826,275562,156724,NA,2925,42869,43924,NA,32704,104050,213833,NA,NA,48858,52261
8,Greater Glasgow and Clyde,Ardoch,55.9473408149899,-4.60584731735819,10k - 100k,NA,NA,NA,NA,NA,NA,NA,NA,NA,NA,NA,NA,NA,NA,NA,NA,NA,NA,NA,NA,NA,NA,NA,NA,NA,NA,NA,NA,NA,NA,NA,NA,NA,NA,NA,NA,NA,NA,NA,NA,NA,NA,17081.5,3992,4363.5,24719,9233.5,11908,4081,NA,3336,2081.5,NA,958,1052.5,346.5,246.5,1847.5,1499,1996,7418.5,5290,11299.5,4017,36951,78482.5,39349,23397,53865,NA,NA,NA,NA,17081,NA,NA,NA,9838,NA,NA,88637,NA,52734.5,39413.5,72062,39039,64286,46228,65417,NA,47761,18601,NA,45193,79569,53734,55467.5,46204.5,69951,106460,99633
9,Lothian,Armadale,55.9065840013622,-3.70088084310073,10k - 100k,NA,NA,NA,NA,NA,NA,NA,NA,NA,NA,NA,NA,NA,NA,NA,NA,NA,NA,NA,NA,NA,NA,NA,NA,NA,NA,NA,NA,NA,NA,NA,NA,NA,12986,60284,NA,33772,37537,20584,236472,54461,112475,182270,37139.5,13485,30150.5,18416.5,14500.5,NA,2932,11554.5,1735.5,NA,5137,14490.5,12185.5,1225,68283,21612,16584,10945,67787,99278.5,267865,325648,265018,NA,222823,458937,NA,NA,NA,NA,550148,963166,1102894,564655.5,NA,NA,176779,51717,NA,90526.5,238216.5,108458,139049.5,188087,222895.5,119673,NA,283472,NA,NA,NA,1697777,NA,NA,77723,NA,398368,421605
10,Highland,Aviemore,57.2096639839582,-3.8170882100813,2k - 4k,NA,NA,NA,NA,NA,NA,NA,NA,NA,NA,NA,NA,NA,NA,NA,NA,NA,NA,NA,NA,NA,NA,NA,NA,NA,NA,NA,NA,NA,NA,NA,NA,NA,NA,NA,NA,NA,NA,NA,NA,NA,NA,NA,NA,NA,NA,NA,NA,NA,NA,NA,NA,NA,NA,NA,NA,NA,NA,NA,NA,769,10969,26286,NA,NA,545645.5,893406,307115.5,156855.5,229339.5,NA,72017,144177,NA,246207.5,162181.5,NA,NA,NA,NA,77299,444696,181516.5,347819,NA,315450,316250,161916,NA,403815,253544,493475,NA,NA,NA,NA,14245,31349,NA,39662,143058
11,Grampian,Banchory,57.0534720125036,-2.47835189581178,4k - 10k,NA,NA,NA,NA,NA,NA,NA,NA,NA,NA,NA,NA,NA,NA,NA,NA,NA,NA,NA,NA,NA,NA,NA,NA,NA,NA,NA,NA,NA,NA,NA,NA,NA,NA,NA,NA,NA,NA,NA,NA,NA,NA,NA,NA,NA,NA,NA,NA,NA,NA,NA,438,NA,1380.5,1755.5,0,496.5,0,NA,491,1450,7755.5,1022.5,9979,12901,26714,26586,67907,13473,11086.5,28148,15506,247314,77486,202202,616747.5,87542,NA,NA,191309,121617,NA,99733.5,NA,44657,381608,92211,87131,63127,NA,29963.5,118184,NA,NA,155533,NA,74842,NA,NA,239706,NA
12,Grampian,Banff,57.6724518394431,-2.4767415672225,10k - 100k,NA,NA,NA,NA,NA,NA,NA,NA,NA,NA,NA,NA,NA,NA,NA,NA,NA,NA,NA,NA,NA,NA,NA,NA,NA,NA,NA,NA,NA,NA,NA,NA,NA,NA,NA,NA,NA,NA,NA,NA,NA,NA,NA,NA,NA,NA,NA,NA,NA,NA,NA,465,0,597.333333333333,1005.66666666667,377.666666666667,628.333333333333,300.333333333333,430,6326,3509.66666666667,232.666666666667,3083.66666666667,35081,82690,71200.3333333333,77679,105722,66583,21459,NA,NA,375741,871845,1191274,862369,271561,445335,NA,NA,392882,160309,69370,322335,NA,58962.3333333333,114351.5,105241,39005,86204,10955,90976,190860,NA,116272,NA,141015,NA,NA,123349,55136
13,Lothian,Bathgate,55.9145399675497,-3.66326011601052,10k - 100k,NA,NA,NA,NA,NA,NA,NA,NA,NA,NA,NA,NA,NA,NA,NA,NA,NA,NA,NA,NA,NA,NA,NA,NA,NA,NA,NA,NA,NA,NA,NA,NA,NA,38394,NA,NA,12293,13479,0,61048,72119,61679.5,43472,39242,44143,7367,13700.5,7804.5,NA,38065,NA,2367.5,NA,4059.5,4640,18425,6906,5542,0,33808,5091,599,109897.5,362803,558525,166324,93447,314239,53191.5,NA,NA,161264,NA,203006,194213,205206,233655,NA,NA,89090,168380,NA,91198,41717,60491.5,161624,120845,191942,NA,NA,41578,91251.5,282818,NA,42000,26622,88486,47297,NA,139059.5,80217
14,Lanarkshire,Biggar,55.6165331135886,-3.51200515026948,2k - 4k,NA,NA,NA,NA,NA,NA,NA,NA,NA,NA,NA,NA,NA,NA,NA,NA,NA,NA,NA,NA,NA,NA,NA,NA,NA,NA,NA,NA,NA,NA,NA,NA,NA,NA,NA,NA,24495,0,0,20087,20530,1277,760,641,1513,64461,700,930,NA,NA,NA,NA,NA,0,NA,NA,NA,NA,NA,NA,NA,NA,NA,NA,NA,NA,NA,NA,NA,NA,NA,NA,NA,NA,NA,NA,NA,NA,NA,NA,NA,NA,NA,NA,NA,NA,NA,NA,NA,NA,NA,NA,NA,NA,NA,NA,NA,NA,NA,NA,NA
15,Lothian,Blackburn,55.8714923946422,-3.59337690544305,10k - 100k,NA,NA,NA,NA,NA,NA,NA,NA,NA,NA,NA,NA,NA,NA,NA,NA,NA,NA,NA,NA,NA,NA,NA,NA,NA,NA,NA,NA,NA,NA,NA,NA,NA,4447,NA,NA,40228.6666666667,21683,14462,2450,22147,43062,56749,49144,13662.5,10017.5,12538.5,26624.5,23351,8877,18002,9532,35621,27195.5,7697,2376.5,16288,17192,55582,27283,60334,38499.5,36486.5,139077,172561,219151.5,174816.5,98734,108830,NA,42617,NA,NA,1239318,230443,351256.333333333,NA,94060.5,NA,4363,38787,135724.5,37980,344623,75945,92594,94541,53918,115515,NA,128640.5,88529,236362,NA,71588,NA,111935.5,187180,NA,93510,57506
16,Lothian,Blackridge,55.8906233929929,-3.74391972184647,2k - 4k,NA,NA,NA,NA,NA,NA,NA,NA,NA,NA,NA,NA,NA,NA,NA,NA,NA,NA,NA,NA,NA,NA,NA,NA,NA,NA,NA,NA,NA,NA,NA,NA,NA,2065,999,NA,2365,3979,6648,43456,97715,52270,71844,112067.5,9671,612.5,3156,7548.5,NA,24313,125867,405827,NA,9319.5,12477.5,33396.5,24890.5,28015,NA,16923,17948.5,23050.5,37410.5,74899,66281,1200259,5007354,103366,282768,NA,NA,NA,NA,134875,174238,439697,1165431,NA,NA,NA,NA,NA,37892,47967,21668.5,1749,73294,87429,87358,NA,89667,123721,NA,NA,14070,34327.5,9495,25290,NA,139909.5,68581
17,Lanarkshire,Blackwood,55.6670357239981,-3.90104927445479,2k - 4k,NA,NA,NA,NA,NA,NA,NA,NA,NA,NA,NA,NA,NA,NA,NA,NA,NA,NA,NA,NA,NA,NA,NA,NA,NA,NA,NA,NA,NA,NA,NA,NA,NA,NA,NA,NA,120248,406621,NA,25518,98253,9784,55129,93444,4736,633,1988,8858,NA,6116,0,NA,NA,591,NA,0,NA,17432,NA,36023,59357,38819,18537,17746,NA,710422,1222774,644470,269243,NA,NA,232701,NA,557769,NA,NA,93197,NA,NA,NA,30680,NA,49997,NA,22253,64848,51225,NA,NA,NA,13138,227841,NA,NA,40460,NA,NA,NA,NA,NA,219183
18,Tayside,Blairgowrie,56.5857913564765,-3.31431140876479,4k - 10k,NA,NA,NA,NA,NA,NA,NA,NA,NA,NA,NA,NA,NA,NA,NA,NA,NA,NA,NA,NA,NA,NA,NA,NA,NA,NA,NA,NA,NA,NA,NA,NA,NA,NA,NA,NA,NA,NA,NA,NA,NA,NA,3130,8067,2614,NA,127712,82158,30109,NA,16660,NA,NA,1133,0,5717,2470,NA,NA,13043,4231,19224,17855,26308,NA,85490,275281,38453,121448,81673,57652,111647,102601,155956,NA,NA,149057,277884,NA,NA,31463,NA,1130147,452409,181488,117032,NA,613077,NA,NA,31615,41212,NA,NA,106647,NA,227332,NA,NA,NA,NA
19,Forth Valley,Boness,56.01450696083,-3.57027980177721,10k - 100k,NA,NA,NA,NA,NA,NA,NA,NA,NA,NA,NA,NA,NA,NA,NA,NA,NA,NA,NA,NA,NA,NA,NA,NA,NA,NA,NA,NA,NA,NA,NA,NA,NA,NA,NA,NA,NA,NA,NA,NA,NA,NA,33645,98199.5,2680.5,2841.5,16764,8157.5,3458,NA,9930,4693,NA,734.5,359.5,1874,1983.5,1409.5,NA,5957.5,4450,155,37804.5,22167,170294,91907,336147,63317.5,70719,90181,NA,NA,NA,273959,372499,622443.5,42662,29819,NA,35057,20156,NA,29443,266724,30857.5,31171,54865.5,60194.5,NA,NA,145200.5,169957,NA,NA,215601,67022,51399,NA,NA,54322,100631
20,Forth Valley,Bonnybridge,56.0081751722771,-3.86871922340951,10k - 100k,NA,NA,NA,NA,NA,NA,NA,NA,NA,NA,NA,NA,NA,NA,NA,NA,NA,NA,NA,NA,NA,NA,NA,NA,NA,NA,NA,NA,NA,NA,NA,NA,NA,NA,NA,NA,NA,NA,NA,NA,NA,NA,64587,46934.5,71198,12095,18135,32442,41311,NA,8842,3347,NA,1518.5,3434,15895,4014,26916,NA,26921,13068.5,8529,24122.5,113882,241480,193309.5,46302,113820,76161,119024,NA,NA,183711,110970,231872,483756,287630,NA,293844,NA,191680.5,NA,96999.5,89144.5,48195,70376,64271,439752.5,378204,NA,108920,144762,NA,NA,NA,111253,80559,51952,NA,165262,NA
21,Lanarkshire,Bothwellbank,55.797311573478,-4.07920740982194,10k - 100k,NA,NA,NA,NA,NA,NA,NA,NA,NA,NA,NA,NA,NA,NA,NA,NA,NA,NA,NA,NA,NA,NA,NA,NA,NA,NA,NA,NA,NA,NA,NA,NA,NA,NA,NA,NA,50564,67947,31869,52351,2885,20710,46224,25492,24338,10933,15112,8447,7377,NA,8169,8236,NA,2303,4731,NA,3117,7115,11258,NA,10441,17020,14392,25530,NA,158116,479350,66028,196492,NA,NA,NA,NA,904681,NA,1298700,658297,311387,NA,NA,129797,NA,119477,161250,70341,94872,68928,101074,NA,NA,44827,259310,750128,NA,380537,NA,NA,NA,NA,NA,112338
22,Fife,Bowhouse,56.2698632651294,-3.17173238442625,4k - 10k,NA,NA,NA,NA,NA,NA,NA,NA,NA,NA,NA,NA,NA,NA,NA,NA,NA,NA,NA,NA,NA,NA,NA,NA,NA,NA,NA,NA,NA,NA,NA,NA,NA,NA,NA,NA,NA,NA,NA,32051,10342,10247.5,882.5,532,2724,3903,824.5,605.5,608,753,0,NA,NA,169,0,NA,550.5,432,1548,923,5463,19738,59703.5,31723,NA,20424.5,73177,NA,NA,NA,NA,NA,219176,826366,111089,409775,314952,54751,133036,NA,190533,NA,96822,190429,177652.5,153457,74342,76947,NA,91000,39471.5,106796,NA,NA,134210,110903,53063,81463,NA,NA,144843
23,Grampian,Buckie,57.6770343807126,-2.94377998251036,10k - 100k,NA,NA,NA,NA,NA,NA,NA,NA,NA,NA,NA,NA,NA,NA,NA,NA,NA,NA,NA,NA,NA,NA,NA,NA,NA,NA,NA,NA,NA,NA,NA,NA,NA,NA,NA,NA,NA,NA,NA,NA,NA,NA,NA,NA,NA,NA,NA,NA,NA,NA,NA,NA,NA,NA,NA,NA,NA,NA,NA,NA,8102,NA,37956.5,11383,117335,204135,155606.5,83979.5,50516.5,NA,NA,NA,77262,25202,NA,99632,87214,NA,NA,NA,86226,312356,NA,487915.5,123642,94492.5,NA,124322,NA,NA,38556,28464,NA,NA,50414,NA,NA,NA,NA,NA,224849
24,Lanarkshire,Carbarns,55.7629414846252,-3.95649973476045,10k - 100k,0,NA,NA,0,NA,NA,NA,NA,NA,NA,NA,0,0,0,5175.75,NA,9226.33333333333,2629.5,16886.25,63994.5,52757.6666666667,55566,82566.6666666667,66630.5,98427.6666666667,127370,80014.6666666667,98262.25,52230.3333333333,37498.3333333333,137712,25404,88571.75,57628,NA,NA,98845,106825,34941,101195,168393,72778,23692,48323,21873,39913.5,46324,32631.5,57107,19625,28661.5,49908.5,NA,12130,6407,5766,6237,5025,13315,11479,27286.5,23752,44494,NA,174552,149112,336637,265335.5,267198.5,409996.5,199829,89445,387008.5,1018394,275439,3353197,735955.5,326293,389370,NA,250183.5,163135,175804,260723,164172,160341.666666667,129182.5,182047,NA,210989,110398.333333333,321003.666666667,723058,776790,155126,228658,190412.666666667,178952,173182,269239,218277
25,Borders,Coldstream,55.6642711806276,-2.226717751225,2k - 4k,NA,NA,NA,NA,NA,NA,NA,NA,NA,NA,NA,NA,NA,NA,NA,NA,NA,NA,NA,NA,NA,NA,NA,NA,NA,NA,NA,NA,NA,NA,NA,NA,NA,NA,NA,NA,NA,NA,NA,NA,NA,23085.5,5684.5,38093,53298,3459,897.5,576.5,0,0,0,0,NA,363.5,0,730,0,482.5,NA,799,0,2471.5,2535.5,151097.5,NA,39721.5,48909,83823.5,93771.5,165615,160692,NA,150142,603839,674858,269381,76026,NA,10415,93153,28456,NA,41118,37660.5,4999,133659,407491,96537,NA,NA,8435,547424,NA,NA,NA,NA,18310,NA,17720,NA,22183
26,Ayrshire and Arran,Cumnock,55.4562191934189,-4.28140354095588,10k - 100k,NA,NA,NA,NA,NA,NA,NA,NA,NA,NA,NA,NA,NA,NA,NA,NA,NA,NA,NA,NA,NA,NA,NA,NA,NA,NA,NA,NA,NA,NA,NA,NA,NA,NA,NA,NA,NA,NA,NA,NA,NA,NA,85619,75691,42624,12468,13535,30013,9513,NA,7508,2989,NA,902,842,1580,0,1377,NA,43794,24304,17045,22342,145126,NA,440415,107927,75879,161820,NA,NA,NA,NA,254938,NA,143341,446588,NA,94953,NA,NA,NA,71331,200253,781473,NA,199297,NA,42678,NA,117505,30909,NA,NA,226703,NA,NA,66512,NA,64678,NA
27,Ayrshire and Arran,Cumnock - Netherwood,55.4562191934189,-4.28140354095588,10k - 100k,NA,NA,NA,NA,NA,NA,NA,NA,NA,NA,NA,NA,NA,NA,NA,NA,NA,NA,NA,NA,NA,NA,NA,NA,NA,NA,NA,NA,NA,NA,NA,NA,NA,NA,NA,NA,NA,NA,NA,NA,NA,NA,NA,NA,NA,NA,5405.2,15364,0,NA,0,NA,NA,NA,NA,NA,NA,NA,NA,NA,NA,NA,NA,NA,NA,NA,NA,NA,NA,NA,NA,NA,NA,NA,NA,NA,NA,NA,NA,NA,NA,NA,NA,NA,NA,NA,NA,NA,NA,NA,NA,NA,NA,NA,NA,NA,NA,NA,NA,NA,NA
28,Fife,Cupar,56.3219911050423,-2.99134251948563,4k - 10k,NA,NA,NA,NA,NA,NA,NA,NA,NA,NA,NA,NA,NA,NA,NA,NA,NA,NA,NA,NA,NA,NA,NA,NA,NA,NA,NA,NA,NA,NA,NA,NA,NA,NA,NA,NA,NA,NA,NA,1645,5851.5,827.5,313,10437.5,8011,7834,31219,1132.5,1393,1031,1089,3962,NA,0,0,3562,164.5,0,3830,0,562.5,14174.5,59234,118531,NA,NA,57767.5,12456,34196,NA,82022,229309,NA,144724,96862,285446,130009,31081,95338,NA,66647,NA,66524.5,103674.5,65976.5,92662,148157,125869,NA,131622,32120,103515.5,NA,287829,210151,NA,97391,47978,NA,NA,164181.5
29,Dumfries and Galloway,Dalbeattie,54.9223049683906,-3.82172736207723,4k - 10k,NA,NA,NA,NA,NA,NA,NA,NA,NA,NA,NA,NA,NA,0,0,NA,NA,NA,0,2270,20441,NA,7650,12905,2498,610,NA,4541,NA,0,NA,582,0,0,NA,NA,944,1535,NA,NA,NA,2918,NA,3081,40128,1365,2931,45707,540,NA,0,0,NA,0,NA,0,0,0,NA,0,0,5281,NA,2340,NA,6697,9748,63969,NA,48651,32342,773950,657226,NA,315605,NA,73584,33876,150482,NA,75700,151822,137231,50837,NA,128074,39954,146533,72653,NA,NA,82204,444036,NA,NA,NA,342847,NA,NA,100502,115261
30,Greater Glasgow and Clyde,Daldowie,55.8325433151428,-4.12657320490419,100k +,NA,NA,NA,NA,NA,NA,NA,NA,NA,NA,NA,NA,NA,NA,NA,NA,NA,NA,NA,NA,NA,NA,NA,NA,NA,NA,NA,NA,NA,NA,NA,NA,NA,NA,NA,NA,189362,541165,46938,NA,50893,46759,64724,24883,68140,30529,26113,30486,15443,NA,9870,39118,NA,7386,10344,4384,14780,19115,NA,10724,10230,50757,41747,39220,NA,248915,NA,290884,163726,215042,66182,94982,162266,196525,NA,NA,397203,157944,170721,NA,49419,83430.6666666667,70849,58342,37301,19655.5,NA,NA,NA,NA,NA,NA,NA,NA,255290.333333333,138935.5,78098,103972.5,117387,157419,159509.5
31,Greater Glasgow and Clyde,Dalmarnock,55.8373762013829,-4.21934344578944,100k +,NA,NA,NA,NA,NA,NA,NA,NA,NA,NA,NA,NA,NA,NA,NA,NA,NA,NA,NA,NA,NA,NA,NA,NA,NA,NA,NA,NA,NA,NA,NA,NA,NA,NA,NA,NA,NA,NA,NA,21582,NA,NA,94128,52411,72450,22874,45941,27003,NA,NA,8788,23115,NA,14420,7421,34154,NA,NA,NA,NA,56732,42970.5,82536.5,137303,287728,216418,329167,174583,222315,NA,46509,303438.5,264205,824444,NA,784106.5,238238,290834,199017,135776,148774.5,87845,65916.5,126806,NA,NA,NA,NA,NA,NA,NA,NA,NA,NA,NA,128622.75,24418,NA,NA,23392.5,12533
32,Greater Glasgow and Clyde,Dalmuir,55.9083136749758,-4.43868090515167,100k +,569,NA,0,NA,NA,0,NA,NA,NA,NA,NA,NA,NA,1738,10913,NA,9130,14977,1863,24505,59329,NA,73533,39797,73624,3418,16141,53355,37429,37630,NA,50580,35463,16017,NA,77744,93163.5,134663.333333333,41061.3333333333,77830,59552.5,70175.3333333333,31496.3333333333,36602,18261,22562,30710.6666666667,24489,13684,NA,22331.5,22321,NA,8447,5454.5,34630.5,16667,23371,NA,58757,57962,28595.5,116101.5,NA,NA,215875.5,261204,135855,99703.5,107500,55818,292142.5,227325.5,778454,535886,1449988.5,191488,262890,181661,NA,150133,142661.5,60934.5,99416.5,70115,137713.333333333,186996.5,197367,210940,132734,133572.333333333,201722,551863,282404.5,187109,123831.75,137144.75,126428.5,66753,61843,79738.6666666667
33,Greater Glasgow and Clyde,Dalmuir - Auchinairn (6298),55.9083136749758,-4.43868090515167,100k +,NA,NA,NA,NA,NA,NA,NA,NA,NA,NA,NA,NA,NA,NA,NA,NA,NA,NA,NA,NA,NA,NA,NA,NA,NA,NA,NA,NA,NA,NA,NA,NA,NA,NA,NA,NA,NA,NA,NA,NA,NA,NA,NA,NA,NA,NA,NA,NA,NA,NA,1333.25,2251,524,340,194,852,NA,NA,NA,24781,39685.5,973,19929,44256,434960,115721,230662,16316,33677.5,62512.5,6384.5,266375,265238.5,184992,781654,55533,108898,88916,NA,NA,NA,NA,143309,115764.5,150432.5,123146,68776.5,20280,NA,NA,78173,114947,NA,NA,360521,367425,NA,NA,NA,NA,NA
34,Greater Glasgow and Clyde,Dalmuir - Auchinairn (6330),55.9083136749758,-4.43868090515167,100k +,NA,NA,NA,NA,NA,NA,NA,NA,NA,NA,NA,NA,NA,NA,NA,NA,NA,NA,NA,NA,NA,NA,NA,NA,NA,NA,NA,NA,NA,NA,NA,NA,NA,NA,NA,NA,NA,NA,NA,NA,NA,NA,NA,NA,NA,NA,NA,NA,NA,NA,5548.5,7777.5,6142,866.5,2170.5,1809,NA,NA,NA,11109,38931,46764,37054.5,37776,148920,107116,154929,77708.5,57530,16319.5,15467,439936.5,347715,366933,301971,153206,863129,NA,NA,NA,164342,NA,NA,156283,28753.5,116811,35971.5,75360,NA,NA,5452,122806,NA,NA,72120.5,NA,NA,NA,NA,NA,NA
35,Greater Glasgow and Clyde,Dalmuir - Clydebank,55.9083136749758,-4.43868090515167,100k +,NA,NA,NA,NA,NA,NA,NA,NA,NA,NA,NA,NA,NA,NA,NA,NA,NA,NA,NA,NA,NA,NA,NA,NA,NA,NA,NA,NA,NA,NA,NA,NA,NA,NA,NA,NA,NA,NA,NA,NA,NA,NA,NA,NA,NA,NA,NA,NA,NA,NA,4376.75,15868,NA,2481.5,148.5,0,NA,NA,NA,76376,6310.5,4938.5,84473,368368,252281,101221,62144,70729.5,NA,NA,17392,NA,NA,NA,NA,NA,NA,NA,NA,NA,NA,NA,NA,NA,NA,NA,NA,NA,NA,NA,NA,NA,NA,NA,NA,NA,NA,NA,NA,NA,NA
36,Greater Glasgow and Clyde,Dalmuir - Minerva St,55.9083136749758,-4.43868090515167,100k +,NA,NA,NA,NA,NA,NA,NA,NA,NA,NA,NA,NA,NA,NA,NA,NA,NA,NA,NA,NA,NA,NA,NA,NA,NA,NA,NA,NA,NA,NA,NA,NA,NA,NA,NA,NA,NA,NA,NA,NA,NA,NA,NA,NA,NA,NA,NA,NA,NA,NA,NA,NA,NA,NA,NA,NA,NA,NA,NA,NA,NA,NA,NA,NA,NA,NA,NA,NA,NA,NA,NA,NA,NA,NA,NA,NA,NA,NA,NA,NA,NA,NA,NA,NA,371033,1075739,NA,NA,NA,NA,NA,NA,NA,NA,NA,NA,NA,NA,NA,NA,NA
37,Greater Glasgow and Clyde,Dalmuir - SECC,55.9083136749758,-4.43868090515167,100k +,NA,NA,NA,NA,NA,NA,NA,NA,NA,NA,NA,NA,NA,NA,NA,NA,NA,NA,NA,NA,NA,NA,NA,NA,NA,NA,NA,NA,NA,NA,NA,NA,NA,NA,NA,NA,NA,NA,NA,NA,NA,NA,NA,NA,NA,NA,NA,NA,NA,NA,NA,NA,NA,NA,NA,NA,NA,NA,NA,NA,NA,NA,NA,NA,NA,NA,NA,NA,NA,NA,NA,NA,NA,NA,NA,NA,NA,NA,NA,NA,5108,17793.2,71885.8,374955.5,81557.5,655933.75,325453.5,8228,NA,NA,NA,NA,NA,NA,NA,NA,NA,NA,NA,NA,NA
38,Dumfries and Galloway,Dalscone,55.0884615989149,-3.59671793344351,4k - 10k,NA,NA,NA,NA,NA,NA,NA,NA,NA,NA,NA,NA,0,0,0,NA,NA,585,579,1021,NA,13612,11443,5811,NA,2801,NA,NA,27598,6803,NA,3442,0,2592,NA,NA,NA,47144,NA,NA,NA,NA,NA,NA,1225,1644,2642,8964,NA,NA,NA,NA,NA,0,NA,NA,NA,NA,NA,NA,NA,NA,NA,NA,NA,NA,NA,NA,NA,NA,NA,NA,NA,NA,NA,NA,NA,NA,NA,NA,NA,NA,NA,NA,NA,NA,NA,NA,NA,NA,NA,NA,NA,NA,NA,NA,NA,NA,NA,NA,NA
39,Forth Valley,Denny,56.024938625581,-3.89544690360913,10k - 100k,NA,NA,NA,NA,NA,NA,NA,NA,NA,NA,NA,NA,NA,NA,NA,NA,NA,NA,NA,NA,NA,NA,NA,NA,NA,NA,NA,NA,NA,NA,NA,NA,NA,NA,NA,NA,NA,NA,NA,NA,NA,NA,34330,21059,28957,15025,58644.5,61260.5,68076.5,NA,183158,27942.5,NA,14263.5,4944,5261,30401.5,6579.5,NA,2157.5,1581,35974.5,20181.5,33061,78875,120132,82213,77096,58686,NA,NA,NA,66581,9067,2926,2981.5,27235,134990,64817,NA,191010.5,113493,46953,22239.5,38438,27698.5,158599,144528.5,110523,NA,164660,128729,NA,NA,124906,NA,27836,NA,NA,13298,28237
40,Lothian,Dunbar,55.9917175585512,-2.57256720300213,4k - 10k,NA,NA,NA,NA,NA,NA,NA,NA,NA,NA,NA,NA,NA,NA,NA,NA,NA,NA,NA,NA,NA,NA,NA,NA,NA,NA,NA,NA,NA,NA,NA,NA,NA,NA,NA,NA,NA,NA,NA,NA,NA,NA,2385,18186,49375,27549,6696,1657,897,NA,2341,0,NA,0,0,0,0,6695,NA,NA,39307,9722,48780,126039,NA,331132,457146,113747,37336,NA,NA,NA,162048,351300,NA,NA,146913,NA,61762,NA,62963,29289,15344,NA,86412,245758,NA,254931,NA,NA,211835,130688,NA,NA,NA,336547,93618,57978,NA,NA,77798
41,Forth Valley,Dunblane,56.1828075989143,-3.96441892624449,4k - 10k,NA,NA,NA,NA,NA,NA,NA,NA,NA,NA,NA,NA,NA,NA,NA,NA,NA,NA,NA,NA,NA,NA,NA,NA,NA,NA,NA,NA,NA,NA,NA,NA,NA,NA,NA,NA,NA,NA,NA,NA,NA,NA,NA,NA,NA,NA,NA,NA,414.5,NA,3191,1483,NA,5433,3114.5,1528.5,2091,53386,11373,2915,27148.5,15835007,103307,157310,347198,185464.5,72818,50609,94404,49484,NA,158322,59956,133970,191626,173898,194134.5,150112.5,160135,NA,185607,NA,162767,222602,56715.5,50770,229834.5,309187.5,NA,NA,25193,136810,NA,NA,233715.5,69789,NA,NA,NA,25340,97138
42,Fife,Dunfermline,56.0202955979275,-3.41014513246599,10k - 100k,0,0,0,NA,NA,NA,NA,NA,NA,NA,0,623,66048,2718,1155.5,0,321.333333333333,727,5726,13036,NA,5246,12208,25707,15082,9640,28348,53158,12680,NA,62342,NA,24544,44877,NA,NA,98810,64637,18759,3645,18697,13021,28133,21250,35191,19712,15563,15698,2432,18539,18135.5,NA,NA,16351,2528.5,15373.5,5522.5,6486.5,NA,4198.5,17137.5,25072.5,88483.5,225215,353655,213323,446915,241501,155100,164294.5,53752.5,187851,383694,294801,660342,1941023,470897,180816.5,101931,92241,95965,149568,109084.5,112443.5,112787,207970.666666667,441008.333333333,152218,NA,NA,236571.5,291055.666666667,452435,316912,165446.333333333,244247.333333333,180111.333333333,178674,232080,209194.5,270376
43,Lanarkshire,Dunnswood,55.9714073583438,-3.95370449979536,10k - 100k,NA,NA,NA,NA,NA,NA,NA,NA,NA,NA,NA,NA,NA,NA,NA,NA,NA,NA,NA,NA,NA,NA,NA,NA,NA,NA,NA,NA,NA,NA,NA,NA,NA,NA,NA,NA,265453,104315,54660,NA,148789,NA,NA,6823,69506,33518,29328,7369,3239,NA,10522,19994,NA,NA,NA,NA,1150,4653,NA,8219,20282,NA,17425,NA,209630,352126,NA,133366,196190,NA,20359,NA,NA,NA,880179,1819957,222690,64212,NA,NA,NA,NA,13612,204741,104746,115451,141285,79654,NA,NA,NA,19173,NA,NA,NA,65673,NA,NA,NA,NA,248418
44,Lanarkshire,Dunnswood - Carrickstone,55.9714073583438,-3.95370449979536,10k - 100k,NA,NA,NA,NA,NA,NA,NA,NA,NA,NA,NA,NA,NA,NA,NA,NA,NA,NA,NA,NA,NA,NA,NA,NA,NA,NA,NA,NA,NA,NA,NA,NA,NA,NA,NA,NA,NA,NA,NA,NA,NA,NA,NA,NA,NA,NA,NA,NA,848.666666666667,5092,19654.5,1957,NA,NA,2450,NA,NA,NA,NA,NA,NA,NA,NA,NA,NA,NA,NA,NA,NA,NA,NA,NA,NA,NA,NA,NA,NA,NA,NA,NA,NA,NA,NA,NA,NA,NA,NA,NA,NA,NA,NA,NA,NA,NA,NA,NA,NA,NA,NA,NA,NA
45,Lanarkshire,Dunoon,55.9509667911841,-4.92619311722613,10k - 100k,NA,NA,NA,NA,NA,NA,NA,NA,NA,NA,NA,NA,NA,NA,NA,NA,NA,NA,NA,NA,NA,NA,NA,NA,NA,NA,NA,NA,NA,NA,NA,NA,NA,NA,NA,NA,NA,NA,NA,NA,NA,NA,NA,NA,NA,NA,NA,NA,NA,NA,NA,NA,NA,NA,NA,NA,NA,NA,NA,NA,NA,NA,NA,NA,NA,NA,NA,NA,NA,NA,NA,NA,NA,NA,NA,NA,NA,NA,NA,NA,NA,NA,NA,NA,NA,NA,NA,NA,30694,NA,23882,72289,NA,NA,21886.5,NA,24169,14706,NA,41248.5,9880
46,Borders,Duns,55.7715366776411,-2.32458016654261,2k - 4k,NA,NA,NA,NA,NA,NA,NA,NA,NA,NA,NA,NA,NA,NA,NA,NA,NA,NA,NA,NA,NA,NA,NA,NA,NA,NA,NA,NA,NA,NA,NA,NA,NA,NA,NA,NA,NA,NA,NA,NA,NA,1426,6010.5,2263,824.5,942.5,0,0,NA,351.5,0,0,NA,0,1407,259,0,0,NA,476.5,367.5,6951,316,34352,26566,13462.5,18806,24874.5,5169,NA,NA,102886,11605,68224,12872,21142,65399,30440,10798,NA,45337,NA,19377,77256.5,77719,140198,37579.5,52916.5,NA,NA,181257,59873,NA,NA,NA,29558,37587,4938,NA,26862,108078
47,Lothian,East Calder,55.8968656132722,-3.47530037021377,10k - 100k,NA,NA,NA,NA,NA,NA,NA,NA,NA,NA,NA,NA,NA,NA,NA,NA,NA,NA,NA,NA,NA,NA,NA,NA,NA,NA,NA,NA,NA,NA,NA,NA,NA,195137,39219,NA,81314,28408,25227,143903,42573,118691,49452,45898.5,25362,52002,94197,52795.5,54584,NA,51579.5,25255,NA,1794,3963.5,2952.5,2969.5,13357,12845,11408,14772,12534,41337,47530,NA,165215.5,107365,89457,132635,77699,33292,302550,NA,332526,265564,495449,336120,214309,411082.5,NA,403064,281510.5,157066.5,140557,252115,133503,100434,75011,318658,NA,157083.333333333,477803.5,332039,667415,170979.5,158241.666666667,120898.666666667,145567.5,149022,228248.5,184245
48,Grampian,Ellon,57.3648308658724,-2.05750514056289,10k - 100k,NA,NA,NA,NA,NA,NA,NA,NA,NA,NA,NA,NA,NA,NA,NA,NA,NA,NA,NA,NA,NA,NA,NA,NA,NA,NA,NA,NA,NA,NA,NA,NA,NA,NA,NA,NA,NA,NA,NA,NA,NA,NA,NA,NA,NA,NA,NA,NA,NA,NA,NA,8241,NA,1483,383.5,929,0,3901,NA,151.5,0,584,9002,2346,20123,22415,39419,20772,63743,51534,NA,68891,NA,287411,240151,459370,NA,114369.5,NA,46333,211943,NA,68537.5,NA,78406.5,248221.5,119483,258355.5,NA,NA,96078.5,47387,NA,NA,NA,59641,51836,NA,NA,NA,NA
49,Greater Glasgow and Clyde,Erskine,55.8913792504006,-4.41038730362664,10k - 100k,NA,NA,NA,NA,NA,NA,NA,NA,NA,NA,NA,NA,NA,NA,NA,NA,NA,NA,NA,NA,NA,NA,NA,NA,NA,NA,NA,NA,NA,NA,NA,NA,NA,NA,NA,NA,NA,NA,NA,NA,NA,NA,NA,NA,NA,NA,NA,NA,NA,NA,NA,NA,NA,NA,NA,NA,NA,NA,NA,NA,NA,NA,NA,NA,NA,NA,NA,NA,NA,NA,NA,NA,NA,NA,NA,NA,NA,NA,NA,NA,NA,NA,NA,NA,40702,76440,95273,91409.6666666667,161510,163511,121552,196922.333333333,458950,255703,133392.666666667,75202,46435,62360,82121,88388.5,34536
50,Borders,Eyemouth,55.8619698476091,-2.08012445501174,4k - 10k,NA,NA,NA,NA,NA,NA,NA,NA,NA,NA,NA,NA,NA,NA,NA,NA,NA,NA,NA,NA,NA,NA,NA,NA,NA,NA,NA,NA,NA,NA,NA,NA,NA,NA,NA,NA,NA,NA,NA,NA,NA,NA,NA,NA,NA,NA,NA,1356,883,4239,188.5,182.5,NA,348,4205,8528.5,793.5,0,NA,0,0,NA,NA,NA,NA,NA,NA,NA,NA,77373,4591,NA,NA,313156,128219,17043,61693,NA,NA,NA,100818,NA,36280.5,241646.5,57299,95989.5,122443.5,20792.5,NA,NA,24320,37410,NA,NA,128692.5,46319,NA,NA,NA,NA,64514.5
51,Ayrshire and Arran,Fairlie,55.7633963436092,-4.8592535874964,0 - 2k,NA,NA,NA,NA,NA,NA,NA,NA,NA,NA,NA,NA,NA,NA,NA,NA,NA,NA,NA,NA,NA,NA,NA,NA,NA,NA,NA,NA,NA,NA,NA,NA,NA,NA,NA,NA,NA,NA,NA,NA,NA,NA,21820,3481,1269,7131.5,1379,0,614,0,0,0,NA,211.5,3427,0,0,212,NA,266,1098,212.5,1474.5,3104,NA,1873.5,3846,10355,506.5,5181,0,3775,12133,NA,14464.5,19363.5,84398,NA,4366,NA,11,NA,6993,3987,26622,14737.5,3263,186401.5,NA,NA,NA,33808,NA,NA,NA,NA,NA,NA,NA,8673,NA
52,Forth Valley,Falkirk,56.0201275396243,-3.76129703443663,10k - 100k,NA,0,0,NA,NA,NA,NA,NA,NA,NA,NA,NA,NA,0,0,NA,1903,2085,NA,6494,NA,NA,41042,30605,32240,2506,NA,NA,11608,NA,NA,25709,2889,17292,NA,NA,47482,130261,16060,29710,72551,212565,77856,48650,6831,35725.5,12810,30097.5,27029.5,NA,9884.5,9078.5,NA,3493,1254,6285.5,15607,6424,NA,6178.5,19289.5,17207.5,26087.5,78302,224932,132357,112497,55171,41372.5,18805.5,62854,56211.5,108530,274352,373476,323595,184638.5,87481,168797,147653,91884.5,110540,58345.5,156911,47269.6666666667,55905,101776.5,84448,NA,365167,107679.666666667,229483.666666667,287635,NA,115345,149495.666666667,87945.6666666667,54924.6666666667,116332,28389,77785.5
53,Lothian,Fauldhouse,55.8240294839505,-3.69336189271524,4k - 10k,NA,NA,NA,NA,NA,NA,NA,NA,NA,NA,NA,NA,NA,NA,NA,NA,NA,NA,NA,NA,NA,NA,NA,NA,NA,NA,NA,NA,NA,NA,NA,NA,NA,25551,5267,4447,115165,41875,27470,5878,23382.5,NA,8097,43970,107888.5,13147.5,27905,4473,NA,3620,NA,350,NA,3083.5,4748,1995,0,1172.5,385,60718,19377,73529,164624.5,285003,214983,524843,NA,251179,102750,16177,NA,178445.5,540477,NA,1179788,694857,387858,280564,NA,54011,NA,NA,68518,342656,57840.5,78540,122072,330298,NA,NA,54679,147889,NA,NA,64512,NA,68159,NA,NA,118389,215520
54,Tayside,Forfar,56.6413634706668,-2.91071419028815,10k - 100k,NA,NA,NA,NA,NA,NA,NA,NA,NA,NA,NA,NA,NA,NA,NA,NA,NA,NA,NA,NA,NA,NA,NA,NA,NA,NA,NA,NA,NA,NA,NA,NA,NA,NA,NA,NA,NA,NA,NA,NA,NA,NA,NA,NA,NA,NA,8923,11146,26137,NA,3225.5,11430,NA,882.5,729,1333,2526,2877.5,499,7588,52049,44831,23996.5,27566,34692,83035.5,190381,98126.5,26204,31453,7348.5,29257.5,84464,117845,124593,319396,237266,54596,NA,NA,50095,NA,216765,168587,40041.5,93772.5,200282,290306,93793,NA,68822,66148,96149,NA,264925.5,157988,NA,88431,163530,109936,NA
55,Tayside,Forfar - Central,56.6413634706668,-2.91071419028815,10k - 100k,NA,NA,NA,NA,NA,NA,NA,NA,NA,NA,NA,NA,NA,NA,NA,NA,NA,NA,NA,NA,NA,NA,NA,NA,NA,NA,NA,NA,NA,NA,NA,NA,NA,NA,NA,NA,NA,NA,NA,NA,NA,NA,NA,NA,NA,NA,NA,NA,NA,NA,NA,NA,4185.33333333333,0,277.5,1032.66666666667,NA,NA,NA,NA,NA,NA,NA,NA,NA,NA,NA,NA,NA,NA,NA,NA,NA,NA,NA,NA,NA,NA,NA,NA,NA,NA,NA,NA,NA,NA,NA,NA,NA,NA,NA,NA,NA,NA,NA,NA,NA,NA,NA,NA,NA
56,Grampian,Forres,57.6157055009232,-3.61105534336082,10k - 100k,NA,NA,NA,NA,NA,NA,NA,NA,NA,NA,NA,NA,NA,NA,NA,NA,NA,NA,NA,NA,NA,NA,NA,NA,NA,NA,NA,NA,NA,NA,NA,NA,NA,NA,NA,NA,NA,NA,NA,NA,NA,NA,NA,NA,NA,NA,NA,NA,NA,NA,NA,1159,NA,0,0,614.5,1976.5,16531.5,NA,7889.5,3927,31014.5,3036,195888,184422,92130,NA,NA,NA,73207.6666666667,23609,18904,59636,NA,34801,NA,15415,NA,NA,75941,53158,169763.5,249840.5,NA,NA,NA,254353.5,234000,NA,159569,40395,243175.5,NA,NA,NA,196414,100426.5,NA,NA,NA,91474
57,Highland,Fort William,56.828460689844,-5.10112693719903,4k - 10k,NA,NA,NA,NA,NA,NA,NA,NA,NA,NA,NA,626,0,0,689,NA,560,0,NA,58658,NA,132153,NA,16112,NA,164110,1503,NA,0,NA,NA,2130,1847,NA,NA,NA,336,416885,1018,0,954,5581,0,NA,13117.5,919.5,1366,1615.5,0,0,0,0,0,417.5,192.5,501,0,12859.5,NA,39183,28924,10048,39788,26082,60334,NA,94007,65124,94539,114785.5,95832.5,NA,195740.5,130366,NA,759466.5,123028,69569,93619,98675,28627,95650.5,30069,55631,64953.5,53156,58028,27536.5,18660,NA,36460.5,NA,70678,NA,33032,123400,39776.5,38966.5,39469,NA,NA
58,Grampian,Fraserburgh,57.6916456338435,-2.04626863190726,10k - 100k,NA,NA,NA,NA,NA,NA,NA,NA,NA,NA,NA,NA,NA,NA,NA,NA,NA,NA,NA,NA,NA,NA,NA,NA,NA,NA,NA,NA,NA,NA,NA,NA,NA,NA,NA,NA,NA,NA,NA,47938,34937.6666666667,19307,47533,50718.5,62736.6666666667,55071.3333333333,19894.3333333333,12250.3333333333,17370,0,1091,1534,22071,2970.66666666667,0,247,0,182,446,0,221,4200.5,18155.5,41077,174681,165407,302608,185845,271528,NA,NA,80651,118549,646405,389664,350798.5,235433,256698,163805,NA,80130,144476,147267.5,472972.5,289803.5,180573.5,95408,114703,NA,72929,39897.5,37287,NA,597421,NA,NA,256643,29615,NA,86263,212677.5
59,Borders,Galashiels,55.6069593265817,-2.77535918636304,10k - 100k,NA,0,NA,NA,NA,0,NA,NA,NA,NA,NA,NA,NA,0,0,NA,0,0,0,743,NA,NA,3991,3927,3431,2273,21303,23879,2621,25862,NA,1195,0,2214,NA,NA,7025,27588,1886,68542,1381,NA,801,0,926,1088,1162,3766,486,NA,NA,1221,NA,338,0,0,335,1127,NA,0,2436,8766,55898,3505,NA,24645,NA,38377,23892,22846,46982,312430,425367,NA,197061,94555,29333,66468,31000,NA,24597,39633.5,72844,216518,46153.5,40901.5,189813,505333,NA,NA,13111.5,68354,37400,274020,49020,43729,50277,57757,NA,95523,161610
60,Ayrshire and Arran,Girvan,55.2600042620361,-4.84946002859352,4k - 10k,NA,NA,NA,NA,NA,NA,NA,NA,NA,NA,NA,NA,NA,NA,NA,NA,NA,NA,NA,NA,NA,NA,NA,NA,NA,NA,NA,NA,NA,NA,NA,NA,NA,NA,NA,NA,NA,NA,NA,NA,NA,NA,2898,1382,0,2198,399,0,1250,NA,4836,3558,NA,3038,0,NA,0,0,NA,2259,3816,8416,2479,45338,NA,NA,NA,130916,111650,NA,NA,0,NA,NA,NA,367662,339667,58743,160044,NA,NA,NA,3934,49714,25241,28045,50265,38972,NA,NA,119519,60902,57930,195349,62360,NA,NA,NA,NA,43745,24454
61,Highland,Grantown on Spey,57.3224865188183,-3.61336588978372,2k - 4k,NA,NA,NA,NA,NA,NA,NA,NA,NA,NA,NA,NA,NA,NA,NA,NA,NA,NA,NA,NA,NA,NA,NA,NA,NA,NA,NA,NA,NA,NA,NA,NA,NA,NA,NA,NA,NA,NA,NA,NA,NA,NA,NA,NA,NA,NA,NA,NA,NA,NA,NA,NA,NA,NA,NA,0,0,0,NA,0,NA,NA,NA,NA,NA,NA,NA,NA,NA,NA,NA,NA,NA,NA,NA,NA,NA,NA,NA,NA,NA,NA,NA,NA,NA,NA,NA,NA,NA,NA,NA,NA,NA,NA,NA,NA,NA,NA,NA,NA,NA
62,Fife,Guardbridge,56.3672927606303,-2.8900051823534,4k - 10k,NA,NA,NA,NA,NA,NA,NA,NA,NA,NA,NA,NA,NA,NA,NA,NA,NA,NA,NA,NA,NA,NA,NA,NA,NA,NA,NA,NA,NA,NA,NA,NA,NA,NA,NA,NA,NA,NA,NA,2202,0,0,1974.5,887,11648,927,0,771,3233,12726,1123.5,0,NA,0,114,0,0,0,1357,1092,1554,4366.5,2540,9326,NA,NA,NA,NA,21238,66983,NA,NA,75487,170266,223510,259002,107561,325216.5,17893,NA,97005,NA,26560,81461,101166,58453,352906.5,91160,NA,NA,21302,114117.5,NA,NA,21038,81134,69346,NA,32350,92103,51265
63,Fife,Haddington,55.9605510460223,-2.75145958249074,4k - 10k,NA,NA,NA,NA,NA,NA,NA,NA,NA,NA,NA,NA,NA,NA,NA,NA,NA,NA,NA,NA,NA,NA,NA,NA,NA,NA,NA,NA,NA,NA,NA,NA,NA,NA,NA,NA,NA,NA,NA,NA,NA,NA,NA,NA,NA,NA,NA,NA,NA,NA,NA,NA,NA,NA,NA,NA,NA,NA,NA,NA,NA,NA,NA,NA,NA,NA,NA,NA,NA,NA,NA,NA,NA,NA,NA,NA,NA,NA,NA,NA,NA,NA,NA,NA,120176,49537,174755,1081724,NA,119630,123779.5,NA,NA,NA,83775,73477,NA,NA,NA,NA,251809
64,Lanarkshire,Hamilton,55.7940127637112,-4.05613222475841,10k - 100k,NA,NA,NA,NA,NA,NA,NA,NA,NA,NA,NA,NA,NA,954,698,NA,1870,NA,12714,17191,41927,NA,NA,285166,114042,NA,207349,84584.6666666667,45564.6666666667,38774.5,41982,51834,74247,33453,NA,60740,50476,102951,29083,41554,78899,28703,50942,58110,16405,38668.5,16626,39418.5,22191,37767,17392,20309.5,NA,49006,21037.5,23063,14182,16543.5,38031,17316,21692,39221,35312,58634,365802,183373,220849,227396,274085.5,183778,161841,307787,454507.5,1335330,724836,2474556,779925,337000,453847.5,NA,93631.5,178372.5,141905.5,241254,159089,102882,171667.5,306975,NA,125432,126243.5,298334.666666667,510565,824949,231330,126637.5,91434.6666666667,141425,260538,179453,147315
65,Lanarkshire,Harthill,55.8637263322699,-3.74707888123895,2k - 4k,NA,NA,NA,NA,NA,NA,NA,NA,NA,NA,NA,NA,NA,NA,NA,NA,NA,NA,NA,NA,NA,NA,NA,NA,NA,NA,NA,NA,NA,NA,NA,NA,NA,NA,NA,NA,26527,37161,436,NA,7342,143407,26544,1695,46298,25457,2096,14112,NA,NA,NA,1367,NA,1905,604,797,311,3208,NA,0,0,109664,16546,140820,NA,168586,234345,185202,1090666,NA,NA,NA,NA,NA,NA,NA,NA,NA,NA,12595,257455,NA,139810,262691,92778,NA,570925,NA,NA,NA,167777,971671,239482,NA,54604,NA,NA,NA,NA,NA,NA
66,Tayside,Hatton,56.5263264985016,-2.64644688655778,100k +,1752,1175,NA,NA,NA,NA,NA,NA,NA,NA,NA,NA,NA,10714,8360,NA,1870,1351,3366,11912,20627,NA,9348,NA,22225,41811,58928,20969,13486,NA,NA,29775,22938,NA,NA,51249,74751.3333333333,78130.3333333333,50457.3333333333,66560,58695,16027.3333333333,8218.66666666667,8743.66666666667,15140,10128.3333333333,15270.6666666667,17749,17318.5,26543,18437,10884,4470,NA,5671,7536.66666666667,8759.33333333333,12309.5,35270,28743,68302,43429.6666666667,156071.333333333,143535,289190,484636.333333333,185456,91669.3333333333,72292.6666666667,44053.3333333333,43375,116583,188996.333333333,438350,566474,343036,337814.5,176818.333333333,171588,200016,167922.666666667,170536.333333333,94015,165917.333333333,46650.5,112744,146818,184709.333333333,133121.5,125162,89774.25,180057.75,274004,368882,170324,223441.75,117564.5,137240.666666667,150832,232166,221581.333333333
67,Tayside,Hatton - Fintry East,56.5263264985016,-2.64644688655778,100k +,NA,NA,NA,NA,NA,NA,NA,NA,NA,NA,NA,NA,NA,NA,NA,NA,NA,NA,NA,NA,NA,NA,NA,NA,NA,NA,NA,NA,NA,NA,NA,NA,NA,NA,NA,NA,NA,NA,NA,NA,NA,NA,NA,NA,NA,NA,NA,NA,NA,NA,NA,NA,858,0,3196,916,0,1136.5,NA,2449.5,9481,341282,231782,942360,44103857,1190290,135510,36283.5,20087,26020,9682,149503,13075,NA,NA,1395889,1424406,NA,NA,NA,NA,NA,363099.5,401033,28052,78497,45196,NA,NA,NA,51338,51441,NA,NA,478716,NA,NA,42516,NA,NA,NA
68,Tayside,Hatton - Fintry North,56.5263264985016,-2.64644688655778,100k +,NA,NA,NA,NA,NA,NA,NA,NA,NA,NA,NA,NA,NA,NA,NA,NA,NA,NA,NA,NA,NA,NA,NA,NA,NA,NA,NA,NA,NA,NA,NA,NA,NA,NA,NA,NA,NA,NA,NA,NA,NA,NA,NA,NA,NA,NA,NA,NA,NA,NA,NA,NA,15846,989,0,0,0,31354.5,NA,22880.5,35251.5,105639.5,364435,NA,544050,496778,460736.5,87141,400315,204857,98556,26576.5,322374.5,322518,NA,1631776,NA,NA,NA,NA,33878,NA,178470.5,45658,66616.5,32988,136639,38342,NA,NA,58456,43627,NA,NA,183065,42736,NA,NA,NA,128464,NA
69,Tayside,Hatton - Fintry West,56.5263264985016,-2.64644688655778,100k +,NA,NA,NA,NA,NA,NA,NA,NA,NA,NA,NA,NA,NA,NA,NA,NA,NA,NA,NA,NA,NA,NA,NA,NA,NA,NA,NA,NA,NA,NA,NA,NA,NA,NA,NA,NA,NA,NA,NA,NA,NA,NA,NA,NA,NA,NA,NA,NA,NA,NA,NA,NA,8517.25,0,5786.5,1418.5,0,1141.5,NA,18241.5,638259,16749,119202.5,NA,502918,245469,1203845.5,129318,41649,162730,9562,1385,89672,334062,107269,NA,NA,NA,NA,NA,205112,NA,131371,80161,7347,26241,131223,NA,NA,NA,22277,1138524.5,NA,NA,NA,107744.5,NA,64166,NA,346153,325412
70,Borders,Hawick,55.4310286181503,-2.77223125610452,10k - 100k,NA,NA,0,NA,NA,0,NA,NA,NA,NA,NA,NA,NA,0,3893,NA,6326,5498,0,12933,11577,NA,7474,754,8703,5541,1068,11284,12892,30986,NA,10720,46942,14559,NA,51798,185436,196615,55307,63795,5439,690,6871,0,354,1296,446,1041,2124,NA,877,0,NA,NA,0,4787,2573,398,NA,NA,NA,2845,90782,36586,NA,961455,NA,55408,91694,30827,11563,28097,155165,NA,123645,28458,37390,22251,131256,NA,6454,110832.5,0,36091,72898,301695,213626,66385,NA,98648,68833,NA,563428,NA,143258,120606,74067,93351,NA,27407,149677
71,Highland,Helensburgh,55.9823163725406,-4.69345867325065,10k - 100k,NA,NA,0,NA,NA,NA,NA,NA,NA,NA,NA,NA,NA,0,0,NA,0,NA,NA,2403,NA,0,1987.5,60947,36441,3763,91754,2374,6237,7772,NA,12884,NA,NA,NA,3872,30581,7822,36142,15342,8180,230990,85921,56401,44852,13762,24424,28812,27059,NA,49627,26832,NA,1176,3263,1966,678,3009,NA,7290,3424,0,7004,3253,NA,8427,0,40713,22123,15142,9231,3482,3923,0,NA,977285,73612,207269,209144,NA,141026,NA,42304,50074,67104.5,94414.5,84826,40481,NA,NA,106599,48959,172661,105312,133670,NA,49619,NA,77317,55980,122199.5
72,Grampian,Huntly,57.4508140601178,-2.77616404509057,4k - 10k,NA,NA,NA,NA,NA,NA,NA,NA,NA,NA,NA,NA,NA,NA,NA,NA,NA,NA,NA,NA,NA,NA,NA,NA,NA,NA,NA,NA,NA,NA,NA,NA,NA,NA,NA,NA,NA,NA,NA,NA,NA,NA,NA,NA,NA,NA,NA,NA,NA,NA,NA,NA,NA,NA,NA,NA,NA,NA,NA,301,0,836,14136.5,16611,19469,3812,10079,28940,13049.5,98062,12462.5,12060.5,292395.5,NA,253592,35337.5,NA,NA,269050,NA,234860,NA,186798,220093.5,41389,42559.5,91790,175064,6948,NA,11625.5,180475,NA,791460,28140,NA,NA,26139,NA,22097,NA
73,Greater Glasgow and Clyde,Inverclyde,55.9366219224013,-4.87853552735278,10k - 100k,NA,NA,NA,NA,NA,NA,NA,NA,NA,NA,NA,NA,NA,NA,NA,NA,NA,NA,NA,NA,NA,NA,NA,NA,NA,NA,NA,NA,NA,NA,NA,NA,NA,18141,31766,97610,233525,46543,68325,21154,15852,17942,8979,13268,16407,2514.5,10574,5058,3124,4314,7188.5,3618.5,3519,7651,1860.5,14852,6540.66666666667,5142,10574,16858,12814.5,6175,36714.5,57719,129859,100606.333333333,58184.5,48628,82074,NA,27378,92972.5,106049,200950,253459,384751,179222.5,77358,142612,NA,28963.6666666667,61090.5,43118.5,53780.5,62141.25,34723,75780.25,68238,145200,66608,68415.5,130700.333333333,NA,313095,112022,94129.5,44154.3333333333,45206.3333333333,46378,58291,45366.5
74,Greater Glasgow and Clyde,Inverclyde - Gourock,55.9366219224013,-4.87853552735278,10k - 100k,NA,NA,NA,NA,NA,NA,NA,NA,NA,NA,NA,NA,NA,NA,NA,NA,NA,NA,NA,NA,NA,NA,NA,NA,NA,NA,NA,NA,NA,NA,NA,NA,NA,NA,NA,NA,NA,NA,NA,NA,NA,NA,NA,NA,NA,NA,NA,NA,NA,NA,35099.5,96874,372138,47136.5,11408.5,351277,NA,NA,NA,144433,488456,67622.5,120899,306343,278205,160473,76945,28520.5,76820.5,189061,44428,122370,255345.5,130221,195962,117133,154482,NA,NA,NA,29421,NA,21055,11732.5,42449,78428,20993.5,87763.5,NA,NA,38504,25111.5,NA,NA,199240,56903,NA,NA,NA,NA,NA
75,Grampian,Inverurie,57.2730583187437,-2.36445060793797,10k - 100k,NA,NA,NA,NA,NA,NA,NA,NA,NA,NA,NA,NA,NA,NA,NA,NA,NA,NA,NA,NA,NA,NA,NA,NA,NA,NA,NA,NA,NA,NA,NA,NA,NA,NA,NA,NA,NA,NA,NA,NA,NA,NA,NA,NA,NA,NA,NA,NA,NA,NA,NA,9178.5,NA,211,8360.5,32087.5,4441,5480,NA,10530,1043,11302.5,11722,28795,NA,290641,NA,109973,78960.5,NA,32306,NA,NA,NA,570794,792806.5,218584,NA,NA,NA,448251,NA,415775,442545,108778,86812.5,252431,315814,169833,NA,33250,145362,NA,NA,239685,184399,53745,107369,NA,NA,NA
76,Fife,Ironmill Bay,56.0422698314311,-3.509410874862,10k - 100k,NA,NA,NA,NA,NA,NA,NA,NA,NA,NA,NA,NA,NA,NA,NA,NA,NA,NA,NA,NA,NA,NA,NA,NA,NA,NA,NA,NA,NA,NA,NA,NA,NA,NA,NA,NA,NA,NA,NA,8982,6896,1189,NA,5984.5,20971,22674,12949.5,9407.5,61046.5,NA,2600,4474,NA,1472,480.5,29643,737,7046,NA,28050,4003.5,32813.5,48870.5,80219,474128,11781.5,58452.5,73775,89532,8307,NA,NA,NA,NA,77367,147980.5,43107,NA,NA,42402,NA,NA,15668,68085.5,101454.5,112608.5,100727.5,65073,71447,NA,98402.5,63250.5,NA,NA,134441.5,NA,NA,NA,NA,95011,37794
77,Fife,Jedburgh,55.4952652800768,-2.54303476730876,10k - 100k,NA,NA,NA,NA,NA,NA,NA,NA,NA,NA,NA,NA,NA,NA,NA,NA,NA,NA,NA,NA,NA,NA,NA,NA,NA,NA,NA,NA,NA,NA,NA,NA,NA,NA,NA,NA,NA,NA,NA,NA,NA,NA,NA,NA,NA,NA,NA,NA,NA,NA,NA,NA,NA,NA,NA,NA,NA,NA,NA,NA,NA,NA,NA,NA,NA,NA,NA,NA,NA,NA,NA,NA,NA,NA,NA,NA,NA,NA,NA,NA,NA,NA,NA,NA,269497,89040,26223,12217.5,NA,NA,43959.5,NA,NA,NA,21003,154147.5,11109,22216,NA,27377.5,NA
78,Borders,Kelso,55.604842083054,-2.42064379913774,4k - 10k,NA,NA,NA,NA,NA,NA,NA,NA,NA,NA,NA,NA,NA,NA,NA,NA,NA,NA,NA,NA,NA,NA,NA,NA,NA,NA,NA,NA,NA,NA,NA,NA,NA,NA,NA,NA,NA,NA,NA,NA,NA,NA,NA,NA,NA,NA,NA,161.5,0,0,0,157,NA,0,552.5,2488.5,2295.5,0,NA,0,1469.5,143,12497,15495,73750,25773,NA,11992,17405,NA,NA,0,NA,15351,80130,101466.5,44665,31629,5573,NA,4901,NA,8226.5,64736.5,41057.5,15796.5,132141,40533.5,NA,NA,40836,220036,NA,NA,60569,107315,79364,71134,NA,50414,93943
79,Fife,Kincardine,56.064780706967,-3.71964396957788,2k - 4k,NA,NA,NA,NA,NA,NA,NA,NA,NA,NA,NA,NA,NA,NA,NA,NA,NA,NA,NA,NA,NA,NA,NA,NA,NA,NA,NA,NA,NA,NA,NA,NA,NA,NA,NA,NA,NA,NA,NA,16876,318594,231346,63553,36793.5,11937,27167,148242.5,4408.5,2345,NA,11908,16779.5,NA,454,594,0,921.5,6484.5,NA,17129,NA,NA,NA,5822,6293,41041,NA,NA,NA,NA,NA,NA,NA,NA,NA,NA,NA,NA,NA,NA,NA,NA,NA,NA,NA,NA,NA,NA,NA,NA,NA,NA,NA,NA,NA,NA,NA,NA,NA,NA,NA
80,Forth Valley,Kinneil,56.0116423848277,-3.66794034934915,10k - 100k,NA,NA,NA,NA,NA,NA,NA,NA,NA,NA,NA,NA,NA,NA,NA,NA,NA,NA,NA,NA,NA,NA,NA,NA,NA,NA,NA,NA,NA,NA,NA,NA,NA,NA,NA,NA,NA,NA,NA,NA,NA,NA,NA,NA,NA,NA,NA,NA,NA,NA,NA,NA,NA,NA,NA,NA,NA,NA,NA,NA,NA,NA,NA,NA,NA,NA,NA,NA,NA,NA,NA,NA,NA,NA,NA,NA,NA,NA,NA,NA,NA,NA,NA,NA,157443,168514.333333333,255166.666666667,274271.5,NA,NA,119223,402984.666666667,NA,NA,56923,NA,248525,153534,148327,215437,64082
81,Fife,Kirkcaldy,56.1170716358498,-3.14788609805312,10k - 100k,NA,NA,NA,NA,NA,NA,NA,NA,NA,NA,NA,NA,NA,NA,NA,NA,NA,NA,NA,NA,NA,NA,NA,NA,NA,NA,NA,NA,NA,NA,NA,NA,NA,NA,NA,NA,NA,NA,NA,46997,12091,16041,31453,53203.5,18226,9037,55854.5,33246,NA,55115.5,26624,15209,NA,11527.5,25199,30309,23599,12932,NA,48594,68596,76697,171459.5,228325,258867,287425,155592,204382.5,161368,70003,157089,NA,NA,211211,701213,1170966,311418.5,264382,317908,90879,226509,255697,100228,141464,121465.333333333,240263.666666667,335447,250881.5,NA,NA,183763,285955.333333333,291605,NA,286789.5,231797.333333333,254860.666666667,147506,NA,151105,156437.5
82,Orkney,Kirkwall,59.0075645912078,-2.91522968615766,4k - 10k,NA,NA,0,0,NA,NA,NA,NA,NA,NA,NA,NA,6066,36871,4418,NA,0,0,0,517,0,NA,NA,0,0,986,0,0,0,0,0,0,230.666666666667,0,NA,NA,670.333333333333,847,1558.33333333333,1785,0,0,126.666666666667,1160,252.666666666667,0,0,0,237.333333333333,NA,0,322.666666666667,0,0,0,350,0,158.5,0,0,3218.5,2858.5,19553,13224,4933,11517.5,58392,11457,18027,19067,5910,66937.5,20943,NA,22317,73920,NA,20056.5,16365,NA,17800,12850,19860,18938,17320.5,38246.5,116950.5,39331.5,NA,15416,8040,4584,NA,NA,96945.5,17891.5,14609,NA,34888,50838,81113
83,Lanarkshire,Lanark,55.673531082359,-3.7947853256949,10k - 100k,NA,NA,NA,NA,NA,NA,NA,NA,NA,NA,NA,NA,NA,NA,NA,NA,NA,NA,NA,NA,NA,NA,NA,NA,NA,NA,NA,NA,NA,NA,NA,NA,NA,NA,NA,NA,63779,55489,16013,NA,18103,74165,38818,184799,64385,58277,3126,5706,NA,10910,22343,NA,NA,651,0,NA,1195,2822,NA,40004,6425,41809,51084,27687,NA,11460,42849,23777,108909,NA,NA,136108,NA,234979,NA,791669,NA,NA,NA,NA,17298,NA,NA,NA,19334,48636,68979,NA,NA,NA,NA,NA,NA,167773,51584,242907,103239,NA,38984,NA,67423
84,Dumfries and Galloway,Langholm,55.1459447087774,-2.99377025961401,2k - 4k,NA,NA,NA,NA,NA,NA,NA,NA,NA,NA,NA,NA,NA,NA,NA,NA,NA,NA,NA,NA,NA,NA,NA,NA,NA,NA,NA,NA,NA,NA,NA,NA,NA,NA,NA,NA,NA,NA,NA,NA,NA,NA,NA,NA,NA,NA,NA,NA,NA,NA,NA,NA,NA,0,0,NA,0,0,NA,0,0,0,3155.5,125287,225862,28147,38535,NA,114540,32147,17213.5,NA,25454,NA,NA,1636393,464692,412849,NA,NA,4846,NA,36057.5,27518,36766.5,13730,4862.5,38117.5,NA,NA,5571,9890,NA,NA,44742,NA,131332,27000,NA,52783,97396
85,Ayrshire and Arran,Largs,55.8208147555392,-4.88382394218081,10k - 100k,NA,NA,NA,NA,NA,NA,NA,NA,NA,NA,NA,NA,NA,NA,NA,NA,NA,NA,NA,NA,NA,NA,NA,NA,NA,NA,NA,NA,NA,NA,NA,NA,NA,NA,NA,NA,NA,NA,NA,NA,NA,18892,25638.5,6036,34466.5,23750.5,992,NA,1809,NA,28759.5,22213,NA,1831,1112,906,0,0,NA,346,0,11646.5,20690,33814.5,NA,8355,16822,15526.5,18216,NA,NA,NA,NA,NA,36489,102751.5,114929.5,80725,NA,NA,13855,NA,12640,27908,14052,46799,19402,47783.5,67718,72619,39608,55971,NA,NA,80784,66583,NA,NA,NA,0,NA
86,Shetland,Lerwick,60.1845545241091,-1.15675365103016,4k - 10k,NA,NA,0,NA,NA,NA,NA,NA,NA,NA,NA,NA,NA,0,0,NA,0,0,NA,0,0,NA,0,5219,NA,28534,0,0,486,0,NA,0,0,0,NA,NA,642,10257,3582,3303,0,0,NA,0,0,0,0,0,0,NA,0,0,0,0,NA,3348.5,0,NA,4110,201,543,3481.5,NA,4534,NA,4385,7880,20202,15315,3205.5,2833,0,3066,2894,NA,13461.5,41917,10482,7365,NA,0,2476,1180.5,0,NA,1240,15342,86054,NA,NA,NA,8393.5,NA,6697,NA,NA,NA,NA,NA,NA,45248.5
87,Lanarkshire,Lesmahagow,55.6461237515284,-3.88335293885114,4k - 10k,NA,NA,NA,NA,NA,NA,NA,NA,NA,NA,NA,NA,NA,NA,NA,NA,NA,NA,NA,NA,NA,NA,NA,NA,NA,NA,NA,NA,NA,NA,NA,NA,NA,NA,NA,NA,NA,23560,NA,NA,60888,24175,501371,622995,50697,19713.5,3485,NA,2351,0,0,NA,NA,5829,480,1315,0,1958,NA,0,0,6998,0,6813,NA,85544,197298,47302,51969,NA,NA,19242,NA,508016,NA,127113,154126,NA,NA,NA,5670,NA,NA,NA,104721,43179,188771,NA,126510,NA,0,76005,NA,187619,144060,NA,NA,NA,NA,NA,19637
88,Fife,Levenmouth,56.1924949082976,-3.01013038636152,100k +,0,0,0,0,NA,0,NA,NA,NA,NA,NA,0,0,376.25,1616.5,0,0,759.333333333333,1364,6446.2,18481,3977,2281.33333333333,41971.6666666667,42732.25,49358.5,33245,22886.5,36313.3333333333,57886.5,115157,51927.6666666667,18589.25,20919.3333333333,NA,99853,56674.75,57069.6666666667,15422,55695,30549,16305,8027,14925.5,11451,11435.5,15594.5,21646,NA,14915,18621.5,5711,NA,4916,5571,3245.5,9344.5,2085.5,NA,10352.5,8199.5,10691,27306.5,80114,229368,108549,102123,137794.5,NA,NA,NA,NA,NA,NA,NA,NA,NA,NA,NA,NA,NA,103552.333333333,NA,NA,56390.25,109219.5,172907.75,121582,NA,50840,124136.666666667,230410.666666667,364916,NA,139285,171839.666666667,89468.5,39867,98510,18276,156453
89,Lothian,Linlithgow,55.9829403066899,-3.62531876842913,10k - 100k,NA,NA,NA,NA,NA,NA,NA,NA,NA,NA,NA,NA,NA,NA,NA,NA,NA,NA,NA,NA,NA,NA,NA,NA,NA,NA,NA,NA,NA,NA,NA,NA,NA,12650,13809,NA,64024,27134,21614,7741.5,5576.5,8655.5,2708,1309.5,649,7720.5,3860.5,4182,16042,NA,1737.5,2263,NA,434.5,265.5,1702.5,22833,739,429,2101,28703,6520,22937.5,35775,80632,128414,288059,94085,60145.5,NA,81914,37191,NA,182539,139321,412222,434850.5,323506,NA,238065,168375,NA,235984,36859.5,196731,NA,118290.5,233114.5,387211,NA,244575.5,161438.5,715235,NA,143493,74105,46876,NA,NA,89473,221769
90,Dumfries and Galloway,Loch Ryan,54.9221422494004,-5.07869120356409,10k - 100k,NA,NA,NA,NA,NA,NA,NA,NA,NA,NA,NA,NA,NA,NA,NA,NA,NA,NA,NA,NA,NA,NA,NA,NA,NA,NA,NA,NA,NA,NA,NA,NA,NA,NA,NA,NA,NA,NA,NA,NA,NA,NA,NA,NA,NA,NA,NA,NA,NA,NA,NA,NA,NA,730,NA,NA,NA,NA,NA,0,551.5,781,2503,NA,NA,38468,4753,24446,24511,13265,15310,18224,76294.5,130772,306961,138410.5,78660,25195,NA,NA,31416,NA,NA,12837,8999,NA,11338,91934.5,NA,NA,2576,15001.5,NA,NA,NA,23045.5,39678,30605,NA,13984.5,9164
91,Dumfries and Galloway,Lockerbie,55.1196143867988,-3.37237494154506,4k - 10k,NA,NA,NA,NA,NA,NA,NA,NA,NA,NA,NA,NA,NA,0,0,NA,0,4604.5,151.25,253.75,543,871,0,5219.75,3249,3595,2979,109707.5,1836.5,20368.5,NA,222.5,1350,2173,NA,NA,17850.5,7468,3127.5,17992.5,1047.5,1521.5,0,0,0,1094.5,514,0,0,NA,0,189.5,NA,0,0,0,0,0,NA,0,532,339,0,NA,35228,98097.5,6773,34714,NA,69836.5,55010,190775.5,237934.5,NA,203033.5,494480,276876,84111,100939,NA,2012.5,71892.6666666667,27591.5,113863,3927,49254.5,116706.5,43542,NA,NA,12476.5,58903,267439,NA,NA,85886,45967,115649,NA,43662.5,26633.5
92,Grampian,Lossiemouth,57.7016943068663,-3.25833865562436,10k - 100k,NA,NA,NA,NA,NA,NA,NA,NA,NA,NA,NA,NA,NA,NA,NA,NA,NA,NA,NA,NA,NA,NA,NA,NA,NA,NA,NA,NA,NA,NA,NA,NA,NA,NA,NA,NA,NA,NA,NA,NA,NA,9993.5,4128,15532,4947,2801,1284,6798,12132.5,4776,9939,11192.3333333333,10252.3333333333,9319.66666666667,20325,10913.3333333333,6479.66666666667,3344,0,2515.5,0,2280.66666666667,3880.5,6192,NA,65948.6666666667,70381.5,69689,90025,51696,37243.3333333333,83684.6666666667,79799.6666666667,256676,316039.5,135212,197271,69181,NA,NA,108357,122253.5,NA,NA,40378,NA,NA,NA,NA,NA,NA,NA,NA,NA,154436,NA,26509,NA,NA,71411,151905
93,Lanarkshire,Mauldslie,55.7304125178971,-3.89835942271324,10k - 100k,NA,NA,NA,NA,NA,NA,NA,NA,NA,NA,NA,NA,NA,NA,NA,NA,NA,NA,NA,NA,NA,NA,NA,NA,NA,NA,NA,NA,NA,NA,NA,NA,NA,NA,NA,NA,57581,118803,102175,12821,108092,16401,72378,17976,35917,14402,7695,20132,NA,16854,18240,NA,NA,8033,4809,13612,14924,8646,NA,2155,10347,96411,48573,20158,NA,90578,NA,188219,122225,NA,NA,NA,324400,940753,NA,NA,NA,NA,NA,NA,86799,NA,133213,NA,88347,200547,97619,NA,NA,NA,NA,75454,912198,NA,33218,NA,NA,NA,NA,NA,NA
94,Ayrshire and Arran,Maybole,55.3439368806738,-4.66608252667129,4k - 10k,NA,NA,NA,NA,NA,NA,NA,NA,NA,NA,NA,NA,NA,NA,NA,NA,NA,NA,NA,NA,NA,NA,NA,NA,NA,NA,NA,NA,NA,NA,NA,NA,NA,NA,NA,NA,NA,6536,13034,NA,2116,20933,523,0,440,0,25856,0,1033,NA,0,418,NA,0,0,1246,409,0,NA,0,5454,28477,4654,85800,NA,46072,46217,10520,NA,NA,NA,NA,NA,411579,NA,386705,564251,108128,NA,NA,5148,NA,NA,NA,NA,217192,NA,237482,NA,NA,137081,NA,335410,NA,177921,NA,NA,NA,NA,185725,246078
95,Ayrshire and Arran,Meadowhead,55.5879323781336,-4.63758630212848,100k +,NA,NA,NA,NA,NA,NA,NA,NA,NA,NA,NA,0,0,0,NA,NA,3172,0,888,5899.5,NA,24566,32713,28078,67947,9637,25733.5,77373,NA,24106,77370,3775,NA,36411,NA,136934,111004,75375,38837.6666666667,43537,46507.3333333333,107134.333333333,41711,18664,20661.3333333333,21285,15477.6666666667,24833.3333333333,14482.5,15917,16278,9636,7998,10707.5,5178,7326.5,22005.3333333333,17788.3333333333,30418,38597,78546.3333333333,25732.3333333333,67107.3333333333,54177,NA,74668.5,79188.5,100342,79885,65825,59366,206032.333333333,255974,981122,617828,409239.5,604668.5,232561,273874,74660,92510.5,116331.666666667,58836,87744,69127.25,80975.25,71686,121259.75,116328,82569,71640.75,103313.25,181318,374463,101948,61160,65357.75,42428,49175,45012.3333333333,43287.6666666667
96,Ayrshire and Arran,Meadowhead - Kilmarnock HMP,55.5879323781336,-4.63758630212848,100k +,NA,NA,NA,NA,NA,NA,NA,NA,NA,NA,NA,NA,NA,NA,NA,NA,NA,NA,NA,NA,NA,NA,NA,NA,NA,NA,NA,NA,NA,NA,NA,NA,NA,NA,NA,NA,NA,NA,NA,NA,NA,NA,NA,NA,NA,NA,NA,NA,NA,NA,NA,NA,NA,NA,NA,6228.5,11396.4,3429.5,1422,8352,1926,7275,687,465317,14353,49762,122035,75862.5,48499.5,NA,5118,2291.5,14879,135908,54490,297567,NA,NA,NA,5151107,NA,67180,13966,450393,52050.5,124275,9003.5,146353,22774,NA,11707.5,7535,NA,NA,0,10812,1757,NA,NA,1694,NA
97,Tayside,Montrose,56.7334753482173,-2.4530787451344,10k - 100k,NA,NA,NA,NA,NA,NA,NA,NA,NA,NA,NA,NA,NA,NA,NA,NA,NA,NA,NA,NA,NA,NA,NA,NA,NA,NA,NA,NA,NA,NA,NA,NA,NA,NA,NA,NA,NA,NA,NA,NA,NA,NA,NA,NA,NA,NA,NA,NA,NA,NA,NA,NA,NA,NA,NA,NA,NA,NA,NA,NA,NA,NA,NA,NA,NA,NA,NA,NA,NA,NA,NA,NA,NA,NA,NA,NA,NA,NA,NA,NA,NA,NA,NA,NA,107960.5,71590,264169,249927,143166,58070,31676,22190.5,124611,NA,44742,58214,37538,28718,NA,29710,NA
98,Ayrshire and Arran,Muirkirk,55.5130625683097,-4.09669642705676,0 - 2k,NA,NA,NA,NA,NA,NA,NA,NA,NA,NA,NA,NA,NA,NA,NA,NA,NA,NA,NA,NA,NA,NA,NA,NA,NA,NA,NA,NA,NA,NA,NA,NA,NA,NA,NA,NA,NA,NA,NA,NA,NA,29818.5,2423.5,2898.5,7551,3071,0,8693,0,NA,13998,92630,NA,316.5,488,NA,NA,NA,NA,NA,NA,NA,NA,NA,NA,NA,NA,NA,NA,NA,NA,NA,NA,NA,NA,NA,NA,NA,NA,NA,NA,NA,NA,NA,NA,NA,NA,NA,NA,NA,NA,NA,NA,NA,NA,NA,NA,NA,NA,NA,NA
99,Highland,Nairn,57.5927640050881,-3.84801261188444,4k - 10k,NA,0,NA,NA,NA,NA,NA,NA,NA,NA,NA,NA,NA,0,0,NA,0,0,0,0,33918,NA,8924,NA,4410,6535,2390,835,0,907,NA,0,0,0,NA,NA,14404,32871,5079,NA,1697,115707,5226,2871,437,NA,4870,1176,NA,798,6607,0,NA,0,0,685,402,NA,NA,0,9999,1608,51612,NA,87833,205558,59509,10311,NA,56094.5,18659,NA,204045,NA,83704,51333,119155,NA,16606,NA,20942,197413,45240,98417,NA,75567,36775,NA,NA,119229,NA,31833,NA,NA,NA,51063,NA,NA,NA,NA,85085
100,Greater Glasgow and Clyde,Neilston,55.7897940278819,-4.42763907362904,4k - 10k,NA,NA,NA,NA,NA,NA,NA,NA,NA,NA,NA,NA,NA,NA,NA,NA,NA,NA,NA,NA,NA,NA,NA,NA,NA,NA,NA,NA,NA,NA,NA,NA,NA,NA,NA,NA,NA,NA,NA,NA,NA,NA,2555,1835,3412,42831,2441.5,2229,0,NA,755,1758.5,NA,565,416,0,4497.5,2654,NA,4585,6264,6812.5,15809.5,16814.5,NA,268356,96823,114729,84256,NA,NA,NA,NA,892676,314772,209332,191262,NA,123312,NA,11312,NA,65947,53943,90299.5,22692,85538.5,63996.5,NA,NA,NA,NA,NA,NA,182374.5,50332,6972,16882,42362,13242,NA
101,Lothian,Newbridge,55.943115544099,-3.40096208908946,10k - 100k,NA,NA,NA,NA,NA,NA,NA,NA,NA,NA,NA,NA,NA,NA,NA,NA,NA,NA,NA,NA,NA,NA,NA,NA,NA,NA,NA,NA,NA,NA,NA,NA,NA,NA,NA,NA,NA,NA,NA,NA,NA,NA,NA,NA,NA,NA,NA,NA,NA,NA,NA,NA,NA,NA,NA,NA,NA,NA,NA,NA,NA,NA,NA,NA,NA,NA,NA,NA,NA,NA,NA,NA,NA,NA,NA,NA,NA,NA,NA,NA,NA,NA,NA,NA,98289.3333333333,130133.333333333,87145,218339,99098,NA,118374.666666667,261806.5,NA,NA,73943,157063,NA,NA,NA,153023,45555
102,Fife,Newburgh,56.3550377840742,-3.2258408494857,2k - 4k,NA,NA,NA,NA,NA,NA,NA,NA,NA,NA,NA,NA,NA,NA,NA,NA,NA,NA,NA,NA,NA,NA,NA,NA,NA,NA,NA,NA,NA,NA,NA,NA,NA,NA,NA,NA,NA,NA,NA,3500,731,0,1992.5,17600,4584,6923.5,768,754.5,7463,3797,75.5,0,NA,162,114.5,115,0,0,1440,1750,220,1443.5,28362.5,38383,NA,22083,76814.5,NA,NA,NA,NA,14581,66043,189284,124866,105282,122725,49166,302367,NA,74020,NA,41769,199214,30649,22506,669079.5,85846,NA,31475,90933,78647.5,NA,NA,147125,26856,107589,161797,NA,223137,227820
103,Ayrshire and Arran,New Cumnock,55.4003969414987,-4.17781532667854,2k - 4k,NA,NA,NA,NA,NA,NA,NA,NA,NA,NA,NA,NA,NA,NA,NA,NA,NA,NA,NA,NA,NA,NA,NA,NA,NA,NA,NA,NA,NA,NA,NA,NA,NA,NA,NA,NA,205163,9265,17094,NA,482346,25722,10246,33908,28861,6608,5450,4210,0,NA,0,NA,NA,NA,3577,19173,56283,4061,NA,1624,18370,22739,9565,145337,NA,151587,132253,85509,55360,NA,NA,NA,NA,85136,NA,347746,296846,NA,NA,NA,NA,NA,37705,7031,74673,NA,53581,NA,NA,NA,62919,19273,NA,NA,403745,NA,23666,NA,NA,25373,NA
104,Fife,Newport & Tayport,56.4501861057684,-2.9153238719715,4k - 10k,NA,NA,NA,NA,NA,NA,NA,NA,NA,NA,NA,NA,NA,NA,NA,NA,NA,NA,NA,NA,NA,NA,NA,NA,NA,NA,NA,NA,NA,NA,NA,NA,NA,NA,NA,NA,NA,NA,NA,2522,3013,918,3059.5,12365.5,3857,24067,1619,6246,196,NA,0,0,NA,0,0,139.5,1449.5,0,11864,7654,25749,22865.5,68473,77043.5,NA,155651,40532.5,21799,28150,23651,NA,29280,NA,353522,514188,1681048,166184,92798.5,242750,NA,157049,NA,26659,203415,52832,6931.5,46423,137656,NA,237783,16563,161006.5,NA,NA,87847,NA,NA,NA,NA,55625,NA
105,Borders,Newtown St Boswell,55.5780581905803,-2.66529074919015,0 - 2k,NA,NA,NA,NA,NA,NA,NA,NA,NA,NA,NA,NA,NA,NA,NA,NA,NA,NA,NA,NA,NA,NA,NA,NA,NA,NA,NA,NA,NA,NA,NA,NA,NA,NA,NA,NA,NA,NA,NA,NA,NA,1773,0,6561,3492,11448,0,0,0,0,0,0,NA,0,0,218,3690,1274,NA,10669,1263,2591,402,6954.5,NA,34885.5,36108.5,427615,106555,4726,0,19250,75880,58960,NA,29672,69919.5,NA,431808,NA,61759,NA,162724,46918,86121,NA,408359,257333.5,NA,NA,14934.5,4724.5,NA,NA,101567,113631,7836,NA,NA,37982,10325
106,Grampian,Nigg,57.1321800833327,-2.06148567537157,100k +,0,0,0,NA,NA,0,NA,NA,NA,NA,0,759,14608.5,8938,2389.75,2628,1156,419,2528.25,3648.5,9041.66666666667,10102,6627,11391.3333333333,6842,13326,10626,NA,11976,33705,16258,NA,34455,28570,NA,171256,126058,88603,79810.5,36578.5,23778.3333333333,17299.6666666667,11800.5,11118.5,6402,10076.3333333333,15169.3333333333,14763.6666666667,2041,9935,10844.3333333333,17717.5,3573,2961.5,4053,5483,1632.5,6133.33333333333,15632,11498,24950,26676.5,121654.5,NA,269398,390433,85230,142493,105001.5,87917.5,54649,121439.5,271819.5,576531,323955,1032472,44003.5,134959.5,232247,NA,77740,121471,85264,109236.25,82840.5,152470.25,278749,269472,189957.5,85015,77817.3333333333,174896,354486,755786,306389.5,258210.25,129973,147813.25,222798,276536.666666667,172920
107,Grampian,Nigg - Aberdeen RI,57.1321800833327,-2.06148567537157,100k +,NA,NA,NA,NA,NA,NA,NA,NA,NA,NA,NA,NA,NA,NA,NA,NA,NA,NA,NA,NA,NA,NA,NA,NA,NA,NA,NA,NA,NA,NA,NA,NA,NA,NA,NA,NA,NA,NA,NA,NA,NA,NA,NA,NA,NA,NA,NA,NA,NA,NA,NA,NA,NA,NA,NA,NA,NA,NA,NA,NA,NA,NA,NA,NA,NA,NA,NA,NA,NA,NA,NA,NA,NA,NA,NA,NA,NA,NA,NA,NA,3353,0,NA,NA,NA,NA,NA,NA,NA,NA,NA,NA,NA,NA,NA,NA,NA,NA,NA,NA,NA
108,Grampian,Nigg - Torry,57.1321800833327,-2.06148567537157,100k +,NA,NA,NA,NA,NA,NA,NA,NA,NA,NA,NA,NA,NA,NA,NA,NA,NA,NA,NA,NA,NA,NA,NA,NA,NA,NA,NA,NA,NA,NA,NA,NA,NA,NA,NA,NA,NA,NA,NA,NA,NA,NA,NA,NA,NA,NA,35124.75,2132,NA,2039,11887.5,25056,4700.5,0,1011,0,0,0,NA,NA,NA,NA,NA,NA,NA,NA,NA,NA,NA,NA,NA,NA,NA,NA,NA,NA,NA,NA,NA,NA,NA,NA,NA,NA,NA,NA,NA,NA,NA,NA,NA,NA,NA,NA,NA,NA,NA,NA,NA,NA,NA
109,Grampian,Oban,56.4151429316321,-5.47102505531149,100k +,NA,NA,NA,NA,NA,NA,NA,NA,NA,NA,NA,NA,NA,NA,NA,NA,NA,NA,NA,NA,NA,NA,NA,NA,NA,NA,NA,NA,NA,NA,NA,NA,NA,NA,NA,NA,NA,NA,NA,NA,NA,NA,NA,NA,NA,NA,NA,NA,NA,NA,NA,NA,NA,NA,NA,NA,NA,NA,NA,NA,NA,NA,NA,NA,NA,NA,NA,NA,NA,NA,NA,NA,NA,NA,NA,NA,NA,NA,NA,NA,NA,NA,NA,NA,NA,NA,NA,NA,NA,NA,22122.5,NA,NA,NA,NA,30152,11642,NA,NA,34709,9001
110,Greater Glasgow and Clyde,Paisley,55.8590966579125,-4.42142030240103,10k - 100k,NA,NA,NA,NA,NA,NA,NA,NA,NA,NA,NA,NA,NA,NA,NA,NA,NA,NA,NA,NA,NA,NA,NA,NA,NA,NA,NA,NA,NA,NA,NA,NA,NA,NA,NA,NA,NA,NA,NA,NA,NA,NA,40383.5,24964,40102,59585.5,25817,36387,3652,NA,3679,10464,NA,5112.5,9755,4107,2213.5,20738,52745,22987,23996.5,26198,34501,82772,NA,177563,194404,215196,111073,98567,6887,282408,NA,916470,782909,517483,238883,179108,57305,NA,60053.5,112137.5,38185,37588,39033.75,81587,158333.333333333,84970.6666666667,105577,69835,61776,189719.5,352615,469200,106937.25,63848.25,53225.75,87097.5,133034,55577,33669.5
111,Greater Glasgow and Clyde,Paisley - Airport,55.8590966579125,-4.42142030240103,10k - 100k,NA,NA,NA,NA,NA,NA,NA,NA,NA,NA,NA,NA,NA,NA,NA,NA,NA,NA,NA,NA,NA,NA,NA,NA,NA,NA,NA,NA,NA,NA,NA,NA,NA,NA,NA,NA,NA,NA,NA,NA,NA,NA,NA,NA,NA,NA,NA,NA,NA,NA,20787.4,9390,NA,1176,316,908,51539,NA,NA,NA,NA,NA,NA,NA,NA,NA,NA,NA,NA,NA,NA,NA,NA,NA,NA,NA,NA,NA,NA,NA,NA,NA,NA,NA,NA,NA,NA,NA,NA,NA,NA,NA,NA,NA,NA,NA,NA,NA,NA,NA,NA
112,Greater Glasgow and Clyde,Paisley - Blackhall,55.8590966579125,-4.42142030240103,10k - 100k,NA,NA,NA,NA,NA,NA,NA,NA,NA,NA,NA,NA,NA,NA,NA,NA,NA,NA,NA,NA,NA,NA,NA,NA,NA,NA,NA,NA,NA,NA,NA,NA,NA,NA,NA,NA,NA,NA,NA,NA,NA,NA,NA,NA,NA,NA,NA,NA,NA,NA,25259.25,10300,NA,5055.5,305.5,2249.5,39020.5,163942,NA,45619.5,38513,80287,1069635,218742,339584,106280.5,131070,196506,37391.5,66035,13224.5,142054.5,223024,NA,628750,333293,339762,NA,NA,NA,89740,NA,24877,5457,101499.5,155404,81543,296669,NA,NA,NA,131195.5,NA,NA,56340,59652.5,NA,NA,NA,NA,NA
113,Greater Glasgow and Clyde,Paisley - Brediland,55.8590966579125,-4.42142030240103,10k - 100k,NA,NA,NA,NA,NA,NA,NA,NA,NA,NA,NA,NA,NA,NA,NA,NA,NA,NA,NA,NA,NA,NA,NA,NA,NA,NA,NA,NA,NA,NA,NA,NA,NA,NA,NA,NA,NA,NA,NA,NA,NA,NA,NA,NA,NA,NA,NA,NA,NA,NA,1886.8,258.5,NA,0,0,596.5,277766,7612.5,NA,451,12637.5,243.5,54166,0,38290,8370,10008,4994,4745.5,40506.5,1381.5,0,9458,NA,11238,2380,15914,830,NA,NA,107762,NA,0,729.5,0,27382.5,19024.5,14856.5,NA,NA,12024,1138.5,NA,NA,0,23455,NA,NA,NA,NA,NA
114,Borders,Peebles,55.6474639667491,-3.1617011794559,4k - 10k,NA,NA,NA,NA,NA,0,NA,NA,NA,NA,NA,NA,0,0,0,NA,0,0,3201,7537,2820,NA,0,1967,69418,2374,0,3550,5049,6007,NA,5026,4847,2234,NA,3456,9128,20568,4058,0,0,2821,NA,2184,464,322,0,0,0,NA,NA,0,NA,3279,0,0,637,0,NA,0,622,NA,7420,8945,NA,46968,NA,14299,67972,98077,15065,48722,32348,NA,72992,28456,NA,1234,1787,NA,10,53516.5,34595,NA,30275,25382,102401,NA,NA,NA,22306,NA,NA,NA,42658,44923,67412,46297,NA,83538,NA
115,Lothian,Penicuik,55.8354080061792,-3.20444102005621,10k - 100k,NA,NA,NA,NA,NA,NA,NA,NA,NA,NA,NA,NA,NA,NA,NA,NA,NA,NA,NA,NA,NA,NA,NA,NA,NA,NA,NA,NA,NA,NA,NA,NA,NA,NA,NA,NA,NA,NA,NA,NA,NA,NA,185357,1973,20328,5891,44102,14165,4615,NA,0,18341,NA,1202,27256,8965,196734,90792,NA,30379,102458,50799,112360,263935,NA,367658,469573,NA,105297,NA,NA,NA,541256,NA,684361,NA,423665,NA,268702,NA,NA,224338,78643,227946,61952,104546,193434,161565,NA,NA,NA,243452,NA,NA,230185,142384,NA,NA,NA,84586,NA
116,Grampian,Persley,57.1787308615722,-2.15680345894478,10k - 100k,NA,NA,NA,NA,NA,NA,NA,NA,NA,NA,NA,NA,NA,NA,NA,NA,NA,NA,NA,NA,NA,NA,NA,NA,NA,NA,NA,NA,NA,NA,NA,NA,NA,NA,NA,NA,NA,NA,NA,NA,NA,NA,NA,NA,NA,NA,NA,NA,NA,NA,NA,NA,NA,NA,NA,NA,NA,NA,NA,NA,NA,NA,NA,NA,NA,NA,NA,NA,NA,NA,NA,NA,NA,NA,NA,NA,NA,NA,NA,NA,NA,NA,NA,NA,363878,284457.5,265738,344301,191887,NA,87794,119445,NA,NA,NA,364291,NA,NA,NA,610173,144655
117,Grampian,Persley - Northfield,57.1787308615722,-2.15680345894478,10k - 100k,NA,NA,NA,NA,NA,NA,NA,NA,NA,NA,NA,NA,NA,NA,NA,NA,NA,NA,NA,NA,NA,NA,NA,NA,NA,NA,NA,NA,NA,NA,NA,NA,NA,NA,NA,NA,NA,NA,NA,NA,NA,NA,NA,NA,NA,NA,41492.3333333333,3247.5,197,0,11251.5,10957.5,372083,5137,1637,721,1250.5,0,NA,NA,NA,NA,NA,NA,NA,NA,NA,NA,NA,NA,NA,NA,NA,NA,NA,NA,NA,NA,NA,NA,NA,NA,NA,NA,NA,NA,NA,NA,NA,NA,NA,NA,NA,NA,NA,NA,NA,NA,NA,NA,NA
118,Tayside,Perth,56.3833560221297,-3.38359679652948,10k - 100k,NA,NA,NA,NA,NA,NA,NA,NA,NA,NA,NA,NA,NA,NA,NA,NA,NA,NA,NA,NA,NA,NA,NA,NA,NA,NA,NA,NA,NA,NA,NA,NA,NA,NA,NA,NA,NA,NA,NA,NA,NA,NA,23845.5,27747.5,6915.5,12604.5,14274.5,8498,2509,5255,4455.5,6836.5,NA,9254,3920,5524,1281.5,11609.5,NA,32989,40225.5,52920.5,46431.5,65651,NA,39541.5,131329,63810.5,58019.5,NA,NA,170479,NA,591290,179722,281156,347741.5,166185.5,519797,NA,101485,104946,128447.5,199957.5,69675.6666666667,222481.666666667,204169,165739.5,184422,151952,97332.6666666667,121053.5,40483,146215,328296,92126.3333333333,57533,62773,58078,209248,172317.5
119,Grampian,Peterhead,57.4875322469158,-1.79030502329802,10k - 100k,NA,NA,NA,NA,NA,NA,NA,NA,NA,NA,NA,NA,NA,NA,NA,NA,NA,NA,NA,NA,NA,NA,NA,NA,NA,NA,NA,NA,NA,NA,NA,NA,NA,NA,NA,NA,NA,NA,NA,6188,71968,3803.66666666667,3937.66666666667,3013.33333333333,489,993.333333333333,1298.66666666667,518.333333333333,913.5,1181,326.666666666667,372,0,1018,10367.5,664,639.5,1098,0,3514,483,419.5,4409.5,8047,10232,8271,9080,2742,12859.5,5426.5,36189,55751,19149,NA,95609,68603,155660,27397,152820,56782,36424,58082.5,23101,106390,48649.5,16367,49665.5,34969,53696,NA,41341,69042,NA,345195,NA,96145.5,51374,253207,80572,68330,NA
120,Lanarkshire,Philipshill,55.7774390811626,-4.22917340212711,10k - 100k,0,405,NA,NA,NA,NA,NA,NA,NA,NA,NA,NA,NA,0,670,NA,7845,1612,19346,12601,NA,29868,98134,53886,98972,119819,42714,34310,153337,21438.5,177194,142278,21854.5,47530,NA,119652,81968,105054,56755,147037,57775,20998,21906,11823,23927,24356,14528,20563,NA,18068,11646,25106,NA,25070,11385,11815,1595,20816,46633,NA,39946,24692,48232,NA,186421,147096,149783,118874,338275,115310,160684,145814,892467,877169,NA,553786,260924,598237,NA,91985,147280,173022,91182,87861,69310.6666666667,123248.666666667,96962.5,138115,175074,NA,95878,278825,NA,NA,121420.5,195950.333333333,124628,135096.666666667,NA,145862,180872
121,Lanarkshire,Philipshill - Hairmyres Hospital,55.7774390811626,-4.22917340212711,10k - 100k,NA,NA,NA,NA,NA,NA,NA,NA,NA,NA,NA,NA,NA,NA,NA,NA,NA,NA,NA,NA,NA,NA,NA,NA,NA,NA,NA,NA,NA,NA,NA,NA,NA,NA,NA,NA,NA,NA,NA,NA,NA,NA,NA,NA,NA,NA,NA,NA,NA,NA,NA,NA,NA,NA,NA,NA,NA,NA,NA,NA,NA,NA,NA,NA,NA,NA,NA,NA,NA,NA,NA,NA,NA,NA,0,NA,NA,NA,0,NA,NA,NA,NA,NA,NA,NA,NA,NA,NA,NA,NA,NA,NA,NA,NA,NA,NA,NA,NA,NA,NA
122,Lanarkshire,Philipshill - Stewartfield (3606),55.7774390811626,-4.22917340212711,10k - 100k,NA,NA,NA,NA,NA,NA,NA,NA,NA,NA,NA,NA,NA,NA,NA,NA,NA,NA,NA,NA,NA,NA,NA,NA,NA,NA,NA,NA,NA,NA,NA,NA,NA,NA,NA,NA,NA,NA,NA,NA,NA,NA,NA,NA,NA,NA,NA,NA,NA,NA,136.6,NA,NA,0,NA,NA,NA,NA,NA,NA,NA,NA,NA,NA,NA,NA,NA,NA,NA,NA,NA,NA,NA,NA,NA,NA,NA,NA,NA,NA,NA,NA,NA,NA,NA,NA,NA,NA,NA,NA,NA,NA,NA,NA,NA,NA,NA,NA,NA,NA,NA
123,Lanarkshire,Philipshill - Stewartfield (7801),55.7774390811626,-4.22917340212711,10k - 100k,NA,NA,NA,NA,NA,NA,NA,NA,NA,NA,NA,NA,NA,NA,NA,NA,NA,NA,NA,NA,NA,NA,NA,NA,NA,NA,NA,NA,NA,NA,NA,NA,NA,NA,NA,NA,NA,NA,NA,NA,NA,NA,NA,NA,NA,NA,NA,NA,NA,NA,236.333333333333,NA,NA,4444,NA,NA,NA,NA,NA,NA,NA,NA,NA,NA,NA,NA,NA,NA,NA,NA,NA,NA,NA,NA,NA,NA,NA,NA,NA,NA,NA,NA,NA,NA,NA,NA,NA,NA,NA,NA,NA,NA,NA,NA,NA,NA,NA,NA,NA,NA,NA
124,Dumfries and Galloway,Sanquhar,55.3606878798468,-3.92275642373636,0 - 2k,NA,NA,NA,NA,NA,NA,NA,NA,NA,NA,NA,NA,NA,NA,NA,NA,NA,NA,NA,NA,NA,NA,NA,NA,NA,NA,NA,NA,NA,NA,NA,NA,NA,NA,NA,NA,NA,NA,NA,NA,NA,NA,NA,NA,NA,NA,NA,NA,NA,NA,NA,NA,NA,0,12041.5,8243,11322.5,1025,NA,1843.5,182288,149634,91303,44717,NA,181028.5,10849.5,80178.5,34823,NA,NA,NA,43425,994160,NA,546176,182248,NA,NA,NA,60681,NA,9979.5,5958,4672.5,NA,15973.5,368635,NA,NA,NA,11759,NA,NA,NA,NA,47116,NA,NA,18526,NA
125,Lothian,Seafield,55.9712021918324,-3.14543306383502,100k +,NA,NA,NA,NA,NA,NA,NA,NA,NA,NA,NA,NA,NA,0,1594,3866,1691,9357,NA,25637,32581,NA,NA,51873,25333,43502,40763,26283,11841,NA,NA,57888,27505,23828,NA,NA,164158,102807,58557,62618,26853,14852,151288,28603,27966.3333333333,23148.3333333333,16923.3333333333,23737,13062,11869,7960.33333333333,8884.5,5793,3216,4411.33333333333,8360.66666666667,12643,21736.6666666667,29298,54547.5,68605.6666666667,77748.6666666667,80383,222126,593905,145666.666666667,129971.5,109238.5,73713.5,81990.3333333333,65969.3333333333,161808.666666667,213909.666666667,NA,295955.5,402868.333333333,356775,175045.666666667,209692.5,123845,41514.6666666667,99128,59975.3333333333,132837.666666667,87309.25,74420.75,121271.75,204448.666666667,199784,97887,125654.75,384442.5,530500,335513,227308.5,173123.75,171114.75,146491.75,228986,106953.666666667,275491.333333333
126,Lothian,Seafield - Cockenzie,55.9712021918324,-3.14543306383502,100k +,NA,NA,NA,NA,NA,NA,NA,NA,NA,NA,NA,NA,NA,NA,NA,NA,NA,NA,NA,NA,NA,NA,NA,NA,NA,NA,NA,NA,NA,NA,NA,NA,NA,NA,NA,NA,NA,NA,NA,NA,NA,NA,NA,NA,NA,NA,NA,NA,NA,NA,NA,NA,NA,NA,NA,NA,NA,NA,0,660.25,9878.5,15877,292763,1889679,480810,55788,512881,106149,24813,62549,94424,137849,NA,121966,NA,NA,NA,NA,44920,NA,NA,NA,40115,NA,95407,8330,1150761,NA,NA,NA,24577,28044.5,NA,NA,536188,99976,94457,NA,NA,NA,NA
127,Lothian,Seafield - Craigmillar,55.9712021918324,-3.14543306383502,100k +,NA,NA,NA,NA,NA,NA,NA,NA,NA,NA,NA,NA,NA,NA,NA,NA,NA,NA,NA,NA,NA,NA,NA,NA,NA,NA,NA,NA,NA,NA,NA,NA,NA,NA,NA,NA,NA,NA,NA,NA,NA,NA,NA,NA,NA,NA,NA,NA,NA,NA,NA,NA,NA,NA,NA,NA,NA,NA,NA,NA,NA,NA,NA,NA,NA,NA,NA,NA,NA,NA,NA,NA,NA,NA,NA,NA,NA,NA,NA,NA,NA,NA,NA,NA,27701,248429,29108,62235,NA,NA,41904,70171.5,NA,NA,150989.5,NA,104701,NA,NA,NA,NA
128,Lothian,Seafield - Muirhouse,55.9712021918324,-3.14543306383502,100k +,NA,NA,NA,NA,NA,NA,NA,NA,NA,NA,NA,NA,NA,NA,NA,NA,NA,NA,NA,NA,NA,NA,NA,NA,NA,NA,NA,NA,NA,NA,NA,NA,NA,NA,NA,NA,NA,NA,NA,NA,NA,NA,NA,NA,NA,NA,NA,NA,NA,NA,NA,NA,NA,NA,NA,NA,NA,NA,NA,NA,NA,NA,NA,NA,NA,NA,NA,NA,NA,NA,NA,NA,NA,NA,NA,NA,NA,NA,NA,NA,NA,NA,NA,NA,5443,265478,182575,473818,NA,NA,81047,52657,NA,NA,300188,70162,NA,NA,NA,NA,104078
129,Lothian,Seafield - Restalrig,55.9712021918324,-3.14543306383502,100k +,NA,NA,NA,NA,NA,NA,NA,NA,NA,NA,NA,NA,NA,NA,NA,NA,NA,NA,NA,NA,NA,NA,NA,NA,NA,NA,NA,NA,NA,NA,NA,NA,NA,NA,NA,NA,NA,NA,NA,NA,NA,NA,NA,NA,NA,NA,NA,NA,NA,NA,NA,NA,NA,NA,NA,NA,NA,NA,NA,NA,NA,NA,NA,NA,NA,NA,NA,NA,NA,NA,NA,NA,NA,NA,NA,NA,NA,NA,NA,NA,NA,NA,NA,NA,209135,188034,100241,188498,NA,NA,NA,458335,NA,NA,243617,83183,274750,NA,NA,NA,1448156
130,Lothian,Seafield - Tranent,55.9712021918324,-3.14543306383502,100k +,NA,NA,NA,NA,NA,NA,NA,NA,NA,NA,NA,NA,NA,NA,NA,NA,NA,NA,NA,NA,NA,NA,NA,NA,NA,NA,NA,NA,NA,NA,NA,NA,NA,NA,NA,NA,NA,NA,NA,NA,NA,NA,NA,NA,NA,NA,NA,NA,NA,NA,NA,0,1111,0,0,NA,NA,NA,NA,NA,NA,NA,NA,NA,NA,NA,NA,NA,NA,NA,NA,NA,NA,NA,NA,NA,NA,NA,NA,NA,NA,NA,NA,NA,NA,NA,NA,NA,NA,NA,NA,NA,NA,NA,NA,NA,NA,NA,NA,NA,NA
131,Lothian,Seafield - Western General,55.9712021918324,-3.14543306383502,100k +,NA,NA,NA,NA,NA,NA,NA,NA,NA,NA,NA,NA,NA,NA,NA,NA,NA,NA,NA,NA,NA,NA,NA,NA,NA,NA,NA,NA,NA,NA,NA,NA,NA,NA,NA,NA,NA,NA,NA,NA,NA,NA,NA,NA,NA,NA,NA,NA,NA,NA,NA,NA,NA,NA,NA,NA,NA,NA,NA,NA,NA,NA,NA,NA,NA,NA,NA,NA,NA,NA,NA,NA,NA,NA,NA,NA,NA,NA,NA,NA,NA,NA,NA,89872,NA,NA,NA,NA,NA,NA,NA,NA,NA,NA,NA,NA,NA,NA,NA,NA,NA
132,Borders,Selkirk,55.5588232441839,-2.83473194586627,4k - 10k,NA,NA,NA,NA,NA,NA,NA,NA,NA,NA,NA,NA,NA,NA,NA,NA,NA,NA,NA,NA,NA,NA,NA,NA,NA,NA,NA,NA,NA,NA,NA,NA,NA,NA,NA,NA,NA,NA,NA,NA,NA,NA,NA,NA,NA,NA,NA,0,1767,0,1172.5,0,NA,0,0,2568,452,0,NA,0,NA,NA,NA,26994,70591,15905,NA,20722,0,NA,NA,NA,NA,59180,89895,123687,13500,NA,38785,NA,12065,NA,95269.5,56824.5,5693,97776.5,64969,68583,NA,NA,8305,NA,NA,NA,60977,NA,NA,NA,NA,39468.5,NA
133,Greater Glasgow and Clyde,Shieldhall,55.8637148184202,-4.34491168360078,100k +,1462,845.5,1162,538,237.8,0,0,0,207,0,NA,0,1463.25,1547.25,1745.25,6013,9095,12183.25,10151.75,31926,46897.3333333333,57776,19613,54728.6666666667,70466.75,47161.25,23210.5,70790,18249.75,21237.6666666667,67494,56144,48916.4,16515.3333333333,30184,89685,121552.75,92058,53587.6666666667,53915.3333333333,84951,44380.6666666667,40931.3333333333,29926.3333333333,57308.3333333333,27772.5,36695.25,30688,8268,20378.5,18428.75,16119,NA,19573,12155,44601.5,78424.5,50553.5,88512,74302,NA,27952,72382.5,130375,148356,110446,152704,106523.5,91846.5,73017,82182.5,316145.5,340234,404384,658446,500617.5,283209,288141.5,141559,NA,81291,124687.333333333,100758.5,51034,72123.5,85502.5,97104.75,122435.666666667,170482,113596,64978.25,136395.5,379046,620629,48666.6666666667,77277.5,96144.75,92032.5,NA,74219.5,48995
134,Greater Glasgow and Clyde,Shieldhall - Barrhead,55.8637148184202,-4.34491168360078,100k +,NA,NA,NA,NA,NA,NA,NA,NA,NA,NA,NA,NA,NA,NA,NA,NA,NA,NA,NA,NA,NA,NA,NA,NA,NA,NA,NA,NA,NA,NA,NA,NA,NA,NA,NA,NA,NA,NA,NA,NA,NA,NA,NA,NA,NA,NA,NA,NA,3494,17590.5,3323,7614,NA,NA,17027,6014.5,4310,32991,NA,22543.5,29829,2735,136352.5,127431,336462,45383,219429,239743,65296,47439,519126,121498.5,420980.5,306759,713180,227920,564946,85436,151368,NA,NA,NA,NA,143518,209947,982444,163093,332755.5,NA,NA,246063,355247,NA,NA,147461,126901,NA,NA,NA,NA,NA
135,Greater Glasgow and Clyde,Shieldhall - Gorbals,55.8637148184202,-4.34491168360078,100k +,NA,NA,NA,NA,NA,NA,NA,NA,NA,NA,NA,NA,NA,NA,NA,NA,NA,NA,NA,NA,NA,NA,NA,NA,NA,NA,NA,NA,NA,NA,NA,NA,NA,NA,NA,NA,NA,NA,NA,NA,NA,NA,NA,NA,NA,NA,NA,NA,7161.33333333333,2291.5,13550.5,22393.5,NA,NA,7229,62787.5,195909,151453.5,NA,18303,103029.5,15978,78032.5,73467,297804,144230,81175,66791,31982.5,45923.5,31256,89048.5,301957.5,59565,74444,117740,144149,102466,88457,NA,NA,NA,19733,15533.5,94976.5,57156,560835,32358,NA,NA,17048,87993,NA,NA,45915,146546,NA,NA,NA,NA,NA
136,Greater Glasgow and Clyde,Shieldhall - Govanhill,55.8637148184202,-4.34491168360078,100k +,NA,NA,NA,NA,NA,NA,NA,NA,NA,NA,NA,NA,NA,NA,NA,NA,NA,NA,NA,NA,NA,NA,NA,NA,NA,NA,NA,NA,NA,NA,NA,NA,NA,NA,NA,NA,NA,NA,NA,NA,NA,NA,NA,NA,NA,NA,NA,NA,56031.6666666667,33949.5,99494,32677.5,NA,NA,206768,1080061,1468930.5,177504.5,NA,NA,NA,NA,NA,NA,NA,NA,NA,NA,NA,NA,NA,NA,NA,NA,NA,NA,NA,NA,NA,NA,NA,NA,NA,NA,NA,NA,NA,NA,NA,NA,NA,NA,NA,NA,NA,NA,NA,NA,NA,NA,NA
137,Greater Glasgow and Clyde,Shieldhall - IMAX,55.8637148184202,-4.34491168360078,100k +,NA,NA,NA,NA,NA,NA,NA,NA,NA,NA,NA,NA,NA,NA,NA,NA,NA,NA,NA,NA,NA,NA,NA,NA,NA,NA,NA,NA,NA,NA,NA,NA,NA,NA,NA,NA,NA,NA,NA,NA,NA,NA,NA,NA,NA,NA,NA,NA,NA,NA,NA,NA,NA,NA,NA,NA,NA,NA,NA,NA,NA,NA,NA,NA,NA,NA,NA,NA,NA,NA,NA,NA,NA,NA,NA,NA,NA,NA,NA,NA,NA,NA,NA,NA,1356.5,20124.2,0,NA,NA,NA,NA,NA,NA,NA,NA,NA,NA,NA,NA,NA,NA
138,Greater Glasgow and Clyde,Shieldhall - Pollockshields West,55.8637148184202,-4.34491168360078,100k +,NA,NA,NA,NA,NA,NA,NA,NA,NA,NA,NA,NA,NA,NA,NA,NA,NA,NA,NA,NA,NA,NA,NA,NA,NA,NA,NA,NA,NA,NA,NA,NA,NA,NA,NA,NA,NA,NA,NA,NA,NA,NA,NA,NA,NA,NA,NA,NA,NA,NA,NA,NA,NA,NA,NA,NA,NA,NA,NA,NA,248052.4,38181,100255.5,258431,62360,31229,10730,60707,22145.5,7404.5,NA,37600.5,851488.5,47213,2174801,165526,244475,83750,38599,NA,39411,NA,NA,4051.5,175950,139052.5,117817,105233.5,NA,NA,18194,30017.5,NA,NA,24480.5,NA,21460,108578,NA,33537,51670.5
139,Greater Glasgow and Clyde,Shieldhall - Science Centre,55.8637148184202,-4.34491168360078,100k +,NA,NA,NA,NA,NA,NA,NA,NA,NA,NA,NA,NA,NA,NA,NA,NA,NA,NA,NA,NA,NA,NA,NA,NA,NA,NA,NA,NA,NA,NA,NA,NA,NA,NA,NA,NA,NA,NA,NA,NA,NA,NA,NA,NA,NA,NA,NA,NA,NA,NA,NA,NA,NA,NA,NA,NA,NA,NA,NA,NA,NA,NA,NA,NA,NA,NA,NA,NA,NA,NA,NA,NA,NA,NA,NA,NA,NA,NA,NA,NA,0,0,0,4156,0,37686.8,2781.25,0,NA,NA,NA,NA,NA,NA,NA,NA,NA,NA,NA,NA,NA
140,Lanarkshire,Shotts,55.8148629730862,-3.81122405591491,4k - 10k,NA,NA,NA,NA,NA,NA,NA,NA,NA,NA,NA,NA,NA,NA,NA,NA,NA,NA,NA,NA,NA,NA,NA,NA,NA,NA,NA,NA,NA,NA,NA,NA,NA,NA,NA,NA,62115,71297,7086,NA,70955,94781,62161,46156,17567,51129,28489,48062,NA,5493,9949,22946,NA,12753,25921,51933,6929,2002,NA,0,30217,12032,17693,NA,98613,296213,NA,305886,283855,NA,NA,191062,NA,160885,NA,NA,567675,NA,NA,NA,NA,NA,NA,82867,34417,NA,137049,NA,182448,NA,77617,291463,NA,NA,NA,83818,NA,NA,NA,162128,258635
141,Lanarkshire,Skellyton,55.7451404115579,-3.95936920791938,10k - 100k,NA,NA,NA,NA,NA,NA,NA,NA,NA,NA,NA,NA,NA,NA,NA,NA,NA,NA,NA,NA,NA,NA,NA,NA,NA,NA,NA,NA,NA,NA,NA,NA,NA,NA,NA,NA,NA,152127,NA,396220,174325,NA,44522,5816,195654,6772,7773,NA,NA,2221,6071,NA,NA,57653,2776,4033,NA,29114,NA,24463,34342,39901,163450,NA,220162,NA,NA,1006023,372332,NA,NA,NA,518244,906709,NA,NA,227120,NA,149447,NA,138771,NA,335446,NA,114596,198797,110356,NA,NA,NA,138156,509829,NA,NA,120166,NA,NA,NA,NA,NA,3495
142,Fife,Springfield,56.2926726539988,-3.05408233288403,2k - 4k,NA,NA,NA,NA,NA,NA,NA,NA,NA,NA,NA,NA,NA,NA,NA,NA,NA,NA,NA,NA,NA,NA,NA,NA,NA,NA,NA,NA,NA,NA,NA,NA,NA,NA,NA,NA,NA,NA,NA,8790,1227,2854.5,230.5,1755.5,1528.5,3231,21346,8266,5588,42516,14529.5,1810,NA,374,3166,217,285.5,0,854,NA,2749.5,11342.5,16915.5,5300,NA,NA,76328,68345,503563,NA,NA,70517,NA,436800,585907,1223607,228867,52502,163970,NA,48847,NA,34405,189298.5,54897.5,57629,66848,81900,NA,NA,76783,723177.5,NA,NA,119363,58834,51982,30488,NA,63841,128596.5
143,Fife,St Andrews,56.3295995077312,-2.75704928705797,10k - 100k,NA,NA,NA,NA,NA,NA,NA,NA,NA,NA,NA,NA,NA,NA,NA,NA,NA,NA,NA,NA,NA,NA,NA,NA,NA,NA,NA,NA,NA,NA,NA,NA,NA,NA,NA,NA,NA,NA,NA,19254,2285.5,0,0,26913,3501.5,1747,20207,20706,48007,35392,32022.5,3576,NA,4973,1376.5,3238,16690,3781.5,31017,14080,19768,18153,63126,NA,NA,116010,151441.5,83431,81720.5,56843,NA,NA,NA,148749,143927,461618.5,127761,196542,197549.5,NA,144603.5,139994,147331,414770,71946,107982,465735.5,595227,NA,NA,41433,103447,NA,79869,77373,NA,NA,NA,NA,97213,NA
144,Fife,St Andrews - University (2979),56.3295995077312,-2.75704928705797,10k - 100k,NA,NA,NA,NA,NA,NA,NA,NA,NA,NA,NA,NA,NA,NA,NA,NA,NA,NA,NA,NA,NA,NA,NA,NA,NA,NA,NA,NA,NA,NA,NA,NA,NA,NA,NA,NA,NA,NA,NA,NA,NA,NA,NA,NA,NA,NA,NA,NA,NA,NA,NA,NA,NA,NA,NA,NA,NA,NA,NA,NA,NA,NA,NA,NA,NA,NA,NA,NA,5263.25,0,1200,209640,40901.5,0,20887,21423.5,0,9339,18475,NA,413291.5,4970.5,NA,696,14567,9393,1720.5,8064,NA,NA,48.5,22831.5,NA,NA,NA,8487,NA,NA,NA,NA,NA
145,Fife,St Andrews - University (4964),56.3295995077312,-2.75704928705797,10k - 100k,NA,NA,NA,NA,NA,NA,NA,NA,NA,NA,NA,NA,NA,NA,NA,NA,NA,NA,NA,NA,NA,NA,NA,NA,NA,NA,NA,NA,NA,NA,NA,NA,NA,NA,NA,NA,NA,NA,NA,NA,NA,NA,NA,NA,NA,NA,NA,NA,NA,NA,NA,NA,NA,NA,NA,NA,NA,NA,NA,NA,NA,NA,NA,NA,NA,NA,NA,NA,569,0,NA,2969,7835,23478,14784,17199.5,139976.5,41949.5,53587,NA,55671,18494.5,NA,22979.5,22713.5,13087.5,130374,108717,NA,NA,9183,72420,NA,NA,NA,NA,NA,NA,NA,NA,NA
146,Ayrshire and Arran,Stevenston,55.6256319344673,-4.73979157201639,10k - 100k,NA,NA,NA,NA,NA,NA,NA,NA,NA,NA,NA,NA,NA,NA,NA,NA,NA,NA,NA,NA,NA,NA,NA,NA,NA,NA,NA,NA,NA,NA,NA,NA,NA,NA,NA,NA,NA,NA,NA,NA,NA,18621.5,40319,26262.5,13821,4701.5,6814.5,13435.5,10633,10121,6761.5,1578,3868,2711,3620.5,4775.5,19600,6577.5,NA,16957,19006.5,18057,36668.5,50685,NA,42188.5,56480.5,23932,42089,36819.5,47717,214805,153449.5,64980,167332,93265,83959.5,73050,21949,7675,34514,25617,16273,30647.5,30285.5,15397.5,29637,130221,50335,42683,65813,52467.5,135197,NA,80614,45474.6666666667,34080.3333333333,28133.6666666667,60118,35481.5,7333.5
147,Ayrshire and Arran,Stevenston - Stevenston East,55.6256319344673,-4.73979157201639,10k - 100k,NA,NA,NA,NA,NA,NA,NA,NA,NA,NA,NA,NA,NA,NA,NA,NA,NA,NA,NA,NA,NA,NA,NA,NA,NA,NA,NA,NA,NA,NA,NA,NA,NA,NA,NA,NA,NA,NA,NA,NA,NA,NA,NA,NA,NA,NA,NA,NA,NA,NA,NA,NA,2929,0,690.5,997.5,1406,381836,25151,0,9009.5,4749.5,195847,282681,248139,364173,58231,9151,41079.5,3946,1686.5,151433,180893,94453,NA,11742,NA,NA,NA,22889,NA,NA,NA,29331.5,64724,113219,4030.5,40490,20028,NA,30186,156040,NA,NA,490004,17739,NA,NA,NA,NA,NA
148,Ayrshire and Arran,Stevenston - Stevenston West,55.6256319344673,-4.73979157201639,10k - 100k,NA,NA,NA,NA,NA,NA,NA,NA,NA,NA,NA,NA,NA,NA,NA,NA,NA,NA,NA,NA,NA,NA,NA,NA,NA,NA,NA,NA,NA,NA,NA,NA,NA,NA,NA,NA,NA,NA,NA,NA,NA,NA,NA,NA,NA,NA,NA,NA,NA,NA,NA,NA,5088,4395,28999,15714.5,121404.5,7962,0,3282,2195,2901,8434.5,NA,58539,12513.5,3380,16528,653670,4978,168903,158489,785548,NA,NA,358006,NA,60197,NA,28181,NA,NA,129670,62009,10842,40218.5,24679.5,78236,NA,NA,5236,140078.5,NA,NA,20901,413963,NA,NA,NA,30307,NA
149,Forth Valley,Stirling,56.1192863807364,-3.91954797054321,10k - 100k,NA,NA,NA,NA,NA,0,NA,NA,NA,NA,NA,0,0,0,439,NA,0,0,0,4752,NA,10892,0,NA,4552,73967,480,4030,NA,15486,NA,8618,2468,2127,NA,NA,18502,34342,7932,4115,82628,10545,7105,NA,8006,31668,3697,17555,5204,NA,16410,4510,NA,1389,2495,6292,917,1557,6532,NA,1855,7662,1360,26965,NA,74582,NA,32205,34166,38555,18827,NA,106778,NA,18168,82751,77862,31166,20131,NA,33062,40239,11502,20490,14275.6666666667,49708.6666666667,72203.3333333333,59978.5,NA,56657,39666.6666666667,187627.5,234023,267164,23503.3333333333,85038,61090.3333333333,36520.5,36390,26023.5,47932.5
150,Forth Valley,Stirling - University,56.1192863807364,-3.91954797054321,10k - 100k,NA,NA,NA,NA,NA,NA,NA,NA,NA,NA,NA,NA,NA,NA,NA,NA,NA,NA,NA,NA,NA,NA,NA,NA,NA,NA,NA,NA,NA,NA,NA,NA,NA,NA,NA,NA,NA,NA,NA,NA,NA,NA,NA,NA,NA,NA,NA,NA,NA,NA,NA,232.5,NA,1068.5,0,NA,NA,NA,NA,NA,NA,NA,NA,NA,NA,NA,NA,NA,NA,NA,NA,4182.5,8189,NA,21562,345348,NA,134485,NA,NA,10153,3479,8481,17473.5,465109,64467,NA,22638,NA,NA,189,63,NA,NA,325708,56150.5,NA,16499,NA,NA,NA
151,Lanarkshire,Stonehouse,55.7016309363525,-3.96889526779904,4k - 10k,NA,NA,NA,NA,NA,NA,NA,NA,NA,NA,NA,NA,NA,NA,NA,NA,NA,NA,NA,NA,NA,NA,NA,NA,NA,NA,NA,NA,NA,NA,NA,NA,NA,NA,NA,NA,28746,5789,17984,NA,4513,4386,23359,11655,3653,433,12162,1215,NA,3529,2399,NA,NA,45331,1146,524,12707,0,NA,15034,36704,6989,28740,11068,NA,81885,NA,22767,39818,NA,NA,NA,NA,421327,NA,423858,143355,NA,NA,NA,63515,NA,23535,NA,88902,85800,22474,NA,NA,NA,81022,115769,NA,411285,48325,NA,NA,NA,NA,NA,5519
152,Western Isles,Stornoway,58.1914654524505,-6.34939015751881,4k - 10k,NA,NA,NA,NA,NA,NA,NA,NA,NA,NA,NA,NA,NA,0,0,NA,0,0,NA,0,NA,NA,0,NA,NA,NA,0,0,0,NA,NA,NA,0,NA,NA,NA,945,NA,0,1592,24618,NA,13291,NA,1071,NA,NA,0,0,NA,NA,0,NA,0,0,0,0,0,0,NA,0,1487,2089,0,NA,8440,NA,29391,16058,25981,NA,NA,84717,12876,NA,9563,0,19842,98191,NA,NA,NA,13445,NA,NA,NA,NA,NA,4274,NA,NA,NA,NA,NA,NA,NA,NA,NA,NA,NA,14846
153,Lanarkshire,Strathaven,55.6750794860395,-4.05862601936173,4k - 10k,NA,NA,NA,NA,NA,NA,NA,NA,NA,NA,NA,NA,NA,NA,NA,NA,NA,NA,NA,NA,NA,NA,NA,NA,NA,NA,NA,NA,NA,NA,NA,NA,NA,NA,NA,NA,24462,25363,22228,7078,5736,1873,2034,77464,38833,3872,5878,16250,NA,10590,10350,NA,NA,21200,21929,6902,1138,2443,NA,0,NA,NA,NA,NA,NA,18567,NA,79861,37833,24407,NA,NA,NA,408898,NA,NA,NA,27755,NA,90026,52057,NA,NA,NA,43854,92399,26811,NA,NA,12868,NA,19176,NA,NA,86744,NA,NA,NA,41541,NA,101702
154,Lanarkshire,Swinstie,55.7970397639352,-3.9057350372813,10k - 100k,NA,NA,NA,NA,NA,NA,NA,NA,NA,NA,NA,NA,NA,NA,NA,NA,NA,NA,NA,NA,NA,NA,NA,NA,NA,NA,NA,NA,NA,NA,NA,NA,NA,NA,NA,NA,62809,66856,NA,10794,24775,NA,32812,7581,16555,27088,27010,132188,NA,62820,21166,20787,NA,11920,NA,3368,NA,NA,NA,1140,38263,4964,NA,33704,NA,310843,NA,188434,185965,NA,NA,NA,NA,1359412,NA,NA,300737,NA,NA,NA,33621,NA,17393,NA,33065,97425,47175,NA,NA,NA,NA,32664,NA,NA,NA,NA,NA,57906,NA,NA,NA
155,Highland,Thurso,58.6048773791166,-3.49659793241723,4k - 10k,NA,NA,NA,NA,NA,NA,NA,NA,NA,NA,NA,NA,NA,NA,NA,NA,NA,NA,NA,NA,NA,NA,NA,NA,NA,NA,NA,NA,NA,NA,NA,NA,NA,NA,NA,NA,NA,NA,NA,NA,NA,NA,NA,NA,NA,NA,NA,NA,NA,NA,NA,NA,NA,NA,NA,NA,NA,NA,NA,NA,NA,NA,NA,NA,NA,NA,NA,NA,NA,NA,NA,NA,NA,NA,NA,NA,NA,NA,NA,NA,NA,NA,NA,NA,NA,NA,25962.5,44213.5,103585,NA,15948,9375.5,NA,NA,23435,NA,NA,NA,42445,36199,10294
156,Forth Valley,Tillicoultry,56.1489709119989,-3.74542311705907,4k - 10k,NA,NA,NA,NA,NA,NA,NA,NA,NA,NA,NA,NA,NA,NA,NA,NA,NA,NA,NA,NA,NA,NA,NA,NA,NA,NA,NA,NA,NA,NA,NA,NA,NA,NA,NA,NA,NA,NA,NA,NA,NA,NA,220834.5,25483.5,22291.5,2854.5,4486,4815,28695,NA,7370,1375.5,NA,459.5,1851,2922,1352,2671.5,2125,7201,94127,9012,75248,12294,NA,36031,364863,388708.5,164620,NA,NA,NA,NA,NA,415509.5,1192779.5,178888.5,25253,153416,NA,114049,NA,135760.5,1230770.5,335003.5,535103,372857,178029,NA,NA,81720.5,52195,NA,NA,39813,NA,NA,NA,NA,275251.5,NA
157,Dumfries and Galloway,Troqueer,55.0547304189749,-3.61168143926794,10k - 100k,NA,0,0,NA,NA,NA,NA,0,NA,NA,NA,NA,NA,0,0,NA,0,626,0,12869,21340,NA,6783,20122,NA,1478.5,21239,6641,12588,16982,NA,3041,5246,1667,NA,NA,27997,207888,34365,10945,NA,25175,NA,2558,4227,3787,3728.5,2338,2498.5,NA,0,0,NA,0,0,205,350,0,NA,1473,1984,15892.3333333333,22360,NA,63443,50123,25732,41926,NA,29430,61631,350389,148130.5,NA,231792,393696,298422.5,64625.5,204591,NA,132766.5,104609,159158,189652.5,214676,120548,106437.5,160769.5,118241,NA,47859,256381,NA,NA,135258,163879.5,67531,127405,NA,124249,72044
158,Grampian,Turriff,57.541917454448,-2.47646593060706,4k - 10k,NA,NA,NA,NA,NA,NA,NA,NA,NA,NA,NA,NA,NA,NA,NA,NA,NA,NA,NA,NA,NA,NA,NA,NA,NA,NA,NA,NA,NA,NA,NA,NA,NA,NA,NA,NA,NA,NA,NA,NA,NA,NA,NA,NA,NA,NA,NA,NA,NA,NA,NA,0,NA,0,0,0,1627,3743,NA,1179,0,1447.5,4563.5,13049,28462,28677,12378,0,1579.5,NA,NA,36166,24464,NA,881486,587036,NA,NA,42651,NA,158347,NA,0,253962,63710,128643.5,58607,81357,NA,NA,5180,NA,NA,NA,21411,29275,NA,NA,NA,NA,NA
159,Greater Glasgow and Clyde,Uplawmoor,55.7644938517079,-4.50196487477196,0 - 2k,NA,NA,NA,NA,NA,NA,NA,NA,NA,NA,NA,NA,NA,NA,NA,NA,NA,NA,NA,NA,NA,NA,NA,NA,NA,NA,NA,NA,NA,NA,NA,NA,NA,NA,NA,NA,NA,NA,NA,NA,NA,NA,0,1524,267.5,700,0,0,NA,0,213.5,NA,NA,NA,NA,NA,NA,NA,NA,NA,NA,NA,NA,NA,NA,NA,NA,NA,NA,NA,NA,NA,NA,NA,NA,NA,NA,NA,NA,NA,NA,NA,NA,NA,NA,NA,NA,NA,NA,NA,NA,NA,NA,NA,NA,NA,NA,NA,NA,NA,NA
160,Lothian,Whitburn,55.8707039858612,-3.68176348307214,10k - 100k,NA,NA,NA,NA,NA,NA,NA,NA,NA,NA,NA,NA,NA,NA,NA,NA,NA,NA,NA,NA,NA,NA,NA,NA,NA,NA,NA,NA,NA,NA,NA,NA,NA,53694,5550,6187,60622,64903,142094,168999,38975,487578,110144,50931,83808.5,70167.5,5342.5,7046,5612.5,NA,9854.5,555,NA,1650,4997.5,3856,2901,483,3099,28160,22068.5,35746,105672.5,75519,NA,97979.5,475173,187304.5,79766,NA,NA,NA,NA,499724,458032,1600795,415671,33467,67333,NA,98047,177806.5,73102,131599.5,111454.5,114885,90860,118381.5,76436,NA,89219.3333333333,154571,171151,462798,59441,NA,33318,NA,NA,136592,83581.5
161,Highland,Wick,58.4425401244221,-3.06013285655809,4k - 10k,NA,NA,NA,NA,NA,NA,NA,NA,NA,NA,NA,NA,NA,NA,NA,NA,NA,NA,NA,NA,NA,NA,NA,NA,NA,NA,NA,NA,NA,NA,NA,NA,NA,NA,NA,NA,NA,NA,NA,NA,NA,NA,NA,NA,NA,NA,NA,NA,NA,NA,NA,NA,NA,NA,NA,NA,NA,NA,NA,NA,NA,NA,NA,NA,NA,NA,NA,NA,NA,NA,NA,NA,NA,NA,NA,NA,NA,NA,NA,NA,NA,NA,NA,NA,NA,NA,118434,36800.5,6016,NA,17106,53227.5,NA,NA,NA,NA,NA,NA,93838,67646,24160
162,Lothian,Winchburgh,55.9551843618815,-3.45552278262022,2k - 4k,NA,NA,NA,NA,NA,NA,NA,NA,NA,NA,NA,NA,NA,NA,NA,NA,NA,NA,NA,NA,NA,NA,NA,NA,NA,NA,NA,NA,NA,NA,NA,NA,NA,6595,NA,NA,25703,19745,615,1324,3835.5,16477,16512,49506,4963,35004.5,31689,18354.5,1567,0,250,0,NA,0,6268.5,184,282,24420.5,0,9150,15531.5,10431.5,64144.5,54331,78219,83126.5,266669,285443.5,110262.5,NA,NA,NA,135415,4764,0,2340,405348,295446,NA,216856,NA,93579,41469.5,260332.5,120137.5,128599.5,139511.5,36005,13074,NA,123804,334331,603496,NA,208895,150892,308109,NA,NA,307893,NA
